repo	old_path	file_type	current_role	classification	proposed_action	target_path	unique_content_summary	absorbed_by	archive_destination	delete_allowed	reason	validation_note
api	NEW:DOCS.2	md	canonical API documentation entry point	canonical_root_doc	create_canonical_target	Documentation/INDEX.md	Created during DOCS.2 as canonical API documentation entry point.	Documentation/INDEX.md		no	Required by frozen DOCS.2 target tree or reset evidence output.	Generated after audited absorption; no deletion involved.
api	NEW:DOCS.2	md	canonical API documentation entry point	canonical_root_doc	create_canonical_target	Documentation/README.md	Created during DOCS.2 as canonical API documentation entry point.	Documentation/README.md		no	Required by frozen DOCS.2 target tree or reset evidence output.	Generated after audited absorption; no deletion involved.
api	NEW:DOCS.2	md	canonical API architecture documentation	canonical_architecture_doc	create_canonical_target	Documentation/architecture/README.md	Created during DOCS.2 as canonical API architecture documentation.	Documentation/architecture/README.md		no	Required by frozen DOCS.2 target tree or reset evidence output.	Generated after audited absorption; no deletion involved.
api	NEW:DOCS.2	md	canonical API architecture documentation	canonical_architecture_doc	create_canonical_target	Documentation/architecture/api-source-of-truth.md	Created during DOCS.2 as canonical API architecture documentation.	Documentation/architecture/api-source-of-truth.md		no	Required by frozen DOCS.2 target tree or reset evidence output.	Generated after audited absorption; no deletion involved.
api	NEW:DOCS.2	md	canonical API architecture documentation	canonical_architecture_doc	create_canonical_target	Documentation/architecture/client-projection-boundary.md	Created during DOCS.2 as canonical API architecture documentation.	Documentation/architecture/client-projection-boundary.md		no	Required by frozen DOCS.2 target tree or reset evidence output.	Generated after audited absorption; no deletion involved.
api	NEW:DOCS.2	md	canonical API architecture documentation	canonical_architecture_doc	create_canonical_target	Documentation/architecture/envelope-error-stream-model.md	Created during DOCS.2 as canonical API architecture documentation.	Documentation/architecture/envelope-error-stream-model.md		no	Required by frozen DOCS.2 target tree or reset evidence output.	Generated after audited absorption; no deletion involved.
api	NEW:DOCS.2	md	canonical API architecture documentation	canonical_architecture_doc	create_canonical_target	Documentation/architecture/operation-model.md	Created during DOCS.2 as canonical API architecture documentation.	Documentation/architecture/operation-model.md		no	Required by frozen DOCS.2 target tree or reset evidence output.	Generated after audited absorption; no deletion involved.
api	NEW:DOCS.2	md	canonical API architecture documentation	canonical_architecture_doc	create_canonical_target	Documentation/architecture/overview.md	Created during DOCS.2 as canonical API architecture documentation.	Documentation/architecture/overview.md		no	Required by frozen DOCS.2 target tree or reset evidence output.	Generated after audited absorption; no deletion involved.
api	NEW:DOCS.2	md	canonical API architecture documentation	canonical_architecture_doc	create_canonical_target	Documentation/architecture/protocol-api-boundary.md	Created during DOCS.2 as canonical API architecture documentation.	Documentation/architecture/protocol-api-boundary.md		no	Required by frozen DOCS.2 target tree or reset evidence output.	Generated after audited absorption; no deletion involved.
api	NEW:DOCS.2	md	canonical API architecture documentation	canonical_architecture_doc	create_canonical_target	Documentation/architecture/runtime-implementation-boundary.md	Created during DOCS.2 as canonical API architecture documentation.	Documentation/architecture/runtime-implementation-boundary.md		no	Required by frozen DOCS.2 target tree or reset evidence output.	Generated after audited absorption; no deletion involved.
api	NEW:DOCS.2	md	canonical API architecture documentation	canonical_architecture_doc	create_canonical_target	Documentation/architecture/transport-model.md	Created during DOCS.2 as canonical API architecture documentation.	Documentation/architecture/transport-model.md		no	Required by frozen DOCS.2 target tree or reset evidence output.	Generated after audited absorption; no deletion involved.
api	NEW:DOCS.2	md	archive manifest or archive entry documentation	archive_manifest_or_entry	create_canonical_target	Documentation/archive/README.md	Created during DOCS.2 as archive manifest or archive entry documentation.	Documentation/archive/README.md		no	Required by frozen DOCS.2 target tree or reset evidence output.	Generated after audited absorption; no deletion involved.
api	NEW:DOCS.2	md	archive manifest or archive entry documentation	archive_manifest_or_entry	create_canonical_target	Documentation/archive/historical-manifest.md	Created during DOCS.2 as archive manifest or archive entry documentation.	Documentation/archive/historical-manifest.md		no	Required by frozen DOCS.2 target tree or reset evidence output.	Generated after audited absorption; no deletion involved.
api	Documentation/MIGRATION_FROM_APPS_CLI_IPC.md	md	historical subprocess transport migration note	legacy_command_transport_migration	archive_after_absorption	Documentation/transports/subprocess-stdio-compat.md	Inspected document "Migration From experience/clients/cli/source/ipc".	Documentation/transports/subprocess-stdio-compat.md	Documentation/archive/legacy-cli/MIGRATION_FROM_APPS_CLI_IPC.md	no	Compatibility details were absorbed into subprocess stdio transport documentation.	Content inspected by title, headings, and body read before classification; no deletion selected.
api	Documentation/cli/canonical-action-descriptor-registry.md	md	historical command-line product or projection documentation	legacy_command_product_surface	archive_after_absorption	Documentation/operations/action-descriptor-model.md	Inspected document "Canonical Action Descriptor Registry" covering Status, Purpose, Non-goals.	Documentation/operations/action-descriptor-model.md	Documentation/archive/legacy-cli/canonical-action-descriptor-registry.md	no	API documentation may define operation and action projections but not own the old product surface.	Content inspected by title, headings, and body read before classification; no deletion selected.
api	Documentation/cli/canonical-cli-command-inventory.md	md	historical command-line product or projection documentation	legacy_command_product_surface	archive_after_absorption	Documentation/operations/command-projection-model.md	Inspected document "Canonical CLI Command Inventory" covering Status, Purpose, Non-goals.	Documentation/operations/command-projection-model.md	Documentation/archive/legacy-cli/canonical-cli-command-inventory.md	no	API documentation may define operation and action projections but not own the old product surface.	Content inspected by title, headings, and body read before classification; no deletion selected.
api	Documentation/cli/canonical-cli-invocation.md	md	historical command-line product or projection documentation	legacy_command_product_surface	archive_after_absorption	Documentation/domains/client.md	Inspected document "Canonical CLI Invocation" covering Status, Purpose, Canonical Command Form.	Documentation/domains/client.md	Documentation/archive/legacy-cli/canonical-cli-invocation.md	no	API documentation may define operation and action projections but not own the old product surface.	Content inspected by title, headings, and body read before classification; no deletion selected.
api	Documentation/cli/canonical-yai-command-system.md	md	historical command-line product or projection documentation	legacy_command_product_surface	archive_after_absorption	Documentation/operations/command-projection-model.md	Inspected document "Canonical YAI Command System" covering Status, Purpose, Non-goals.	Documentation/operations/command-projection-model.md	Documentation/archive/legacy-cli/canonical-yai-command-system.md	no	API documentation may define operation and action projections but not own the old product surface.	Content inspected by title, headings, and body read before classification; no deletion selected.
api	Documentation/cli/capability-command-recovery.md	md	historical command-line product or projection documentation	legacy_command_product_surface	archive_after_absorption	Documentation/operations/action-descriptor-model.md	Inspected document "Capability Command Recovery" covering Status, Purpose, Problem Statement.	Documentation/operations/action-descriptor-model.md	Documentation/archive/legacy-cli/capability-command-recovery.md	no	API documentation may define operation and action projections but not own the old product surface.	Content inspected by title, headings, and body read before classification; no deletion selected.
api	Documentation/cli/cli-runtime-binary-boundary.md	md	historical command-line product or projection documentation	legacy_command_product_surface	archive_after_absorption	Documentation/domains/client.md	Inspected document "CLI / Runtime Binary Boundary" covering Status, Purpose, Decision.	Documentation/domains/client.md	Documentation/archive/legacy-cli/cli-runtime-binary-boundary.md	no	API documentation may define operation and action projections but not own the old product surface.	Content inspected by title, headings, and body read before classification; no deletion selected.
api	Documentation/cli/cli-sdk-first-wiring.md	md	historical command-line product or projection documentation	legacy_command_product_surface	archive_after_absorption	Documentation/domains/sdk.md	Inspected document "CLI SDK-first Wiring" covering Status, Purpose, Rule.	Documentation/domains/sdk.md	Documentation/archive/legacy-cli/cli-sdk-first-wiring.md	no	API documentation may define operation and action projections but not own the old product surface.	Content inspected by title, headings, and body read before classification; no deletion selected.
api	Documentation/cli/cli-tui-command-projection-contract.md	md	historical command-line product or projection documentation	legacy_command_product_surface	archive_after_absorption	Documentation/operations/command-projection-model.md	Inspected document "CLI / TUI Command Projection Contract" covering Status, Purpose, Non-goals.	Documentation/operations/command-projection-model.md	Documentation/archive/legacy-cli/cli-tui-command-projection-contract.md	no	API documentation may define operation and action projections but not own the old product surface.	Content inspected by title, headings, and body read before classification; no deletion selected.
api	Documentation/cli/command-system-refactor-readiness.md	md	historical command-line product or projection documentation	legacy_command_product_surface	archive_after_absorption	Documentation/operations/action-descriptor-model.md	Inspected document "Command System Refactor Readiness" covering Status, Purpose, Non-goals.	Documentation/operations/action-descriptor-model.md	Documentation/archive/legacy-cli/command-system-refactor-readiness.md	no	API documentation may define operation and action projections but not own the old product surface.	Content inspected by title, headings, and body read before classification; no deletion selected.
api	Documentation/cli/final-cli-source-removal-absence-guardrail.md	md	historical command-line product or projection documentation	legacy_command_product_surface	archive_after_absorption	Documentation/archive/legacy-cli/	Inspected document "Final CLI Source Removal / Absence Guardrail" covering Status, Purpose, Deleted Areas.	Documentation/archive/legacy-cli/	Documentation/archive/legacy-cli/final-cli-source-removal-absence-guardrail.md	no	API documentation may define operation and action projections but not own the old product surface.	Content inspected by title, headings, and body read before classification; no deletion selected.
api	Documentation/cli/legacy-api-sdk-surface-extraction.md	md	historical command-line product or projection documentation	legacy_command_product_surface	archive_after_absorption	Documentation/domains/sdk.md	Inspected document "Legacy API/SDK Surface Extraction" covering Status, Purpose, Extraction Principle.	Documentation/domains/sdk.md	Documentation/archive/legacy-cli/legacy-api-sdk-surface-extraction.md	no	API documentation may define operation and action projections but not own the old product surface.	Content inspected by title, headings, and body read before classification; no deletion selected.
api	Documentation/cli/legacy-entrypoint-makefile-source-removal.md	md	historical command-line product or projection documentation	legacy_command_product_surface	archive_after_absorption	Documentation/archive/legacy-cli/	Inspected document "Legacy Entrypoint / Makefile Source Removal" covering Status, Purpose, Deleted Areas.	Documentation/archive/legacy-cli/	Documentation/archive/legacy-cli/legacy-entrypoint-makefile-source-removal.md	no	API documentation may define operation and action projections but not own the old product surface.	Content inspected by title, headings, and body read before classification; no deletion selected.
api	Documentation/cli/legacy-runtime-core-extraction.md	md	historical command-line product or projection documentation	legacy_command_product_surface	archive_after_absorption	Documentation/archive/legacy-cli/	Inspected document "Legacy Runtime/Core Extraction" covering Status, Purpose, Extraction Principle.	Documentation/archive/legacy-cli/	Documentation/archive/legacy-cli/legacy-runtime-core-extraction.md	no	API documentation may define operation and action projections but not own the old product surface.	Content inspected by title, headings, and body read before classification; no deletion selected.
api	Documentation/cli/legacy-source-deletion-pass.md	md	historical command-line product or projection documentation	legacy_command_product_surface	archive_after_absorption	Documentation/archive/legacy-cli/	Inspected document "Legacy Source Deletion Pass" covering Status, Purpose, Deletion Principle.	Documentation/archive/legacy-cli/	Documentation/archive/legacy-cli/legacy-source-deletion-pass.md	no	API documentation may define operation and action projections but not own the old product surface.	Content inspected by title, headings, and body read before classification; no deletion selected.
api	Documentation/cli/legacy-source-extraction-map.md	md	historical command-line product or projection documentation	legacy_command_product_surface	archive_after_absorption	Documentation/archive/legacy-cli/	Inspected document "CLI Legacy Source Extraction Map" covering Status, Purpose, Final Direction.	Documentation/archive/legacy-cli/	Documentation/archive/legacy-cli/legacy-source-extraction-map.md	no	API documentation may define operation and action projections but not own the old product surface.	Content inspected by title, headings, and body read before classification; no deletion selected.
api	Documentation/cli/legacy-source-guardrail.md	md	historical command-line product or projection documentation	legacy_command_product_surface	archive_after_absorption	Documentation/archive/legacy-cli/	Inspected document "Legacy Source Guardrail" covering Status, Purpose, Current State.	Documentation/archive/legacy-cli/	Documentation/archive/legacy-cli/legacy-source-guardrail.md	no	API documentation may define operation and action projections but not own the old product surface.	Content inspected by title, headings, and body read before classification; no deletion selected.
api	Documentation/cli/legacy-source-quarantine.md	md	historical command-line product or projection documentation	legacy_command_product_surface	archive_after_absorption	Documentation/archive/legacy-cli/	Inspected document "CLI Legacy Source Quarantine" covering Status, Purpose, Quarantine Policy.	Documentation/archive/legacy-cli/	Documentation/archive/legacy-cli/legacy-source-quarantine.md	no	API documentation may define operation and action projections but not own the old product surface.	Content inspected by title, headings, and body read before classification; no deletion selected.
api	Documentation/cli/residual-domain-source-deletion-pass.md	md	historical command-line product or projection documentation	legacy_command_product_surface	archive_after_absorption	Documentation/archive/legacy-cli/	Inspected document "Residual Domain Source Deletion Pass" covering Status, Purpose, Deleted Areas.	Documentation/archive/legacy-cli/	Documentation/archive/legacy-cli/residual-domain-source-deletion-pass.md	no	API documentation may define operation and action projections but not own the old product surface.	Content inspected by title, headings, and body read before classification; no deletion selected.
api	Documentation/client/loom-client-alignment.md	md	historical retired client alignment material	legacy_loom_client_material	archive_after_absorption	Documentation/domains/client.md; Documentation/architecture/client-projection-boundary.md	Inspected document "Loom Client Alignment" covering Status, Purpose, Compatibility Role.	Documentation/domains/client.md; Documentation/architecture/client-projection-boundary.md	Documentation/archive/legacy-loom/loom-client-alignment.md	no	Retired client concept is not an active API documentation surface.	Content inspected by title, headings, and body read before classification; no deletion selected.
api	Documentation/client/client-connection-model.md	md	historical client projection alignment material	old_client_projection_material	archive_after_absorption	Documentation/domains/client.md; Documentation/architecture/client-projection-boundary.md	Inspected document "Client Connection Model" covering Status, Purpose, Definition.	Documentation/domains/client.md; Documentation/architecture/client-projection-boundary.md	Documentation/archive/old-client/client-connection-model.md	no	API keeps client boundary semantics, not client UX ownership.	Content inspected by title, headings, and body read before classification; no deletion selected.
api	Documentation/client/console-client-alignment.md	md	historical client projection alignment material	old_client_projection_material	archive_after_absorption	Documentation/domains/client.md; Documentation/architecture/client-projection-boundary.md	Inspected document "Console Client Alignment" covering Status, Purpose, Client Role.	Documentation/domains/client.md; Documentation/architecture/client-projection-boundary.md	Documentation/archive/old-client/console-client-alignment.md	no	API keeps client boundary semantics, not client UX ownership.	Content inspected by title, headings, and body read before classification; no deletion selected.
api	Documentation/client/desktop-long-lived-client-alignment.md	md	historical client projection alignment material	old_client_projection_material	archive_after_absorption	Documentation/domains/client.md; Documentation/architecture/client-projection-boundary.md	Inspected document "Desktop / Long-Lived Client Alignment" covering Status, Purpose, Client Role.	Documentation/domains/client.md; Documentation/architecture/client-projection-boundary.md	Documentation/archive/old-client/desktop-long-lived-client-alignment.md	no	API keeps client boundary semantics, not client UX ownership.	Content inspected by title, headings, and body read before classification; no deletion selected.
api	Documentation/client/shell-ux-model.md	md	historical client projection alignment material	old_client_projection_material	archive_after_absorption	Documentation/domains/client.md; Documentation/architecture/client-projection-boundary.md	Inspected document "Shell UX Model" covering Status, Purpose, Canonical Commands.	Documentation/domains/client.md; Documentation/architecture/client-projection-boundary.md	Documentation/archive/old-client/shell-ux-model.md	no	API keeps client boundary semantics, not client UX ownership.	Content inspected by title, headings, and body read before classification; no deletion selected.
api	Documentation/client/vscode-client-alignment.md	md	historical client projection alignment material	old_client_projection_material	archive_after_absorption	Documentation/domains/client.md; Documentation/architecture/client-projection-boundary.md	Inspected document "VS Code Client Alignment" covering Status, Purpose, Client Role.	Documentation/domains/client.md; Documentation/architecture/client-projection-boundary.md	Documentation/archive/old-client/vscode-client-alignment.md	no	API keeps client boundary semantics, not client UX ownership.	Content inspected by title, headings, and body read before classification; no deletion selected.
api	Documentation/CLIENT_INTEGRATION.md	md	old flat-root API source document	root_canonical_source	archive_after_absorption	Documentation/domains/client.md	Inspected document "Client Integration".	Documentation/domains/client.md	Documentation/archive/old-flat-root/CLIENT_INTEGRATION.md	no	Useful content absorbed into canonical target sections; flat root file archived.	Content inspected by title, headings, and body read before classification; no deletion selected.
api	Documentation/FAMILY_MODEL.md	md	old flat-root API source document	root_canonical_source	archive_after_absorption	Documentation/architecture/overview.md	Inspected document "Family Model".	Documentation/architecture/overview.md	Documentation/archive/old-flat-root/FAMILY_MODEL.md	no	Useful content absorbed into canonical target sections; flat root file archived.	Content inspected by title, headings, and body read before classification; no deletion selected.
api	Documentation/REQUEST_RESPONSE_MODEL.md	md	old flat-root API source document	root_canonical_source	archive_after_absorption	Documentation/envelopes/request-response-model.md	Inspected document "Request/Response Model".	Documentation/envelopes/request-response-model.md	Documentation/archive/old-flat-root/REQUEST_RESPONSE_MODEL.md	no	Useful content absorbed into canonical target sections; flat root file archived.	Content inspected by title, headings, and body read before classification; no deletion selected.
api	Documentation/adr/ADR-V1-session-death-decision.md	md	historical decision record with API consequences	historical_decision_record	archive_after_absorption	Documentation/decisions/adr-index.md; Documentation/decisions/active-decisions.md	Inspected document "ADR-V1 - Session Death Decision" covering Status, Context, Decision.	Documentation/decisions/adr-index.md; Documentation/decisions/active-decisions.md	Documentation/archive/old-flat-root/adr/ADR-V1-session-death-decision.md	no	Decision consequences were summarized in the decisions section.	Content inspected by title, headings, and body read before classification; no deletion selected.
api	Documentation/agent-orchestration-entry.md	md	old flat-root API source document	root_canonical_source	archive_after_absorption	Documentation/domains/execution.md	Inspected document "Agent Orchestration Entry Contract".	Documentation/domains/execution.md	Documentation/archive/old-flat-root/agent-orchestration-entry.md	no	Useful content absorbed into canonical target sections; flat root file archived.	Content inspected by title, headings, and body read before classification; no deletion selected.
api	Documentation/api-auth-surfaces.md	md	old flat-root API source document	root_canonical_source	archive_after_absorption	Documentation/domains/identity.md	Inspected document "API Auth Surfaces" covering Status, Purpose, Non-goals.	Documentation/domains/identity.md	Documentation/archive/old-flat-root/api-auth-surfaces.md	no	Useful content absorbed into canonical target sections; flat root file archived.	Content inspected by title, headings, and body read before classification; no deletion selected.
api	Documentation/api-case-expansion.md	md	old flat-root API source document	root_canonical_source	archive_after_absorption	Documentation/domains/case.md	Inspected document "API Case Expansion" covering Status, Purpose, Non-goals.	Documentation/domains/case.md	Documentation/archive/old-flat-root/api-case-expansion.md	no	Useful content absorbed into canonical target sections; flat root file archived.	Content inspected by title, headings, and body read before classification; no deletion selected.
api	Documentation/api-contract-taxonomy.md	md	old flat-root API source document	root_canonical_source	archive_after_absorption	Documentation/architecture/protocol-api-boundary.md	Inspected document "API Contract Taxonomy" covering Canonical Contract Material, Conformance/OpenAPI Direction, Migration/Extraction History.	Documentation/architecture/protocol-api-boundary.md	Documentation/archive/old-flat-root/api-contract-taxonomy.md	no	Useful content absorbed into canonical target sections; flat root file archived.	Content inspected by title, headings, and body read before classification; no deletion selected.
api	Documentation/api-envelope-error-stream-model.md	md	old flat-root API source document	root_canonical_source	archive_after_absorption	Documentation/architecture/envelope-error-stream-model.md	Inspected document "API Envelope / Error / Stream Model" covering Purpose, Contract Surfaces, Model Summary.	Documentation/architecture/envelope-error-stream-model.md	Documentation/archive/old-flat-root/api-envelope-error-stream-model.md	no	Useful content absorbed into canonical target sections; flat root file archived.	Content inspected by title, headings, and body read before classification; no deletion selected.
api	Documentation/api-operation-model.md	md	old flat-root API source document	root_canonical_source	archive_after_absorption	Documentation/architecture/operation-model.md	Inspected document "API Operation Model".	Documentation/architecture/operation-model.md	Documentation/archive/old-flat-root/api-operation-model.md	no	Useful content absorbed into canonical target sections; flat root file archived.	Content inspected by title, headings, and body read before classification; no deletion selected.
api	Documentation/api-operator-context-surfaces.md	md	old flat-root API source document	root_canonical_source	archive_after_absorption	Documentation/domains/operator.md	Inspected document "API Operator Context Surfaces" covering Status, Purpose, Non-goals.	Documentation/domains/operator.md	Documentation/archive/old-flat-root/api-operator-context-surfaces.md	no	Useful content absorbed into canonical target sections; flat root file archived.	Content inspected by title, headings, and body read before classification; no deletion selected.
api	Documentation/api-plane-surface-model.md	md	old flat-root API source document	root_canonical_source	archive_after_absorption	Documentation/architecture/overview.md	Inspected document "API Plane Surface Model".	Documentation/architecture/overview.md	Documentation/archive/old-flat-root/api-plane-surface-model.md	no	Useful content absorbed into canonical target sections; flat root file archived.	Content inspected by title, headings, and body read before classification; no deletion selected.
api	Documentation/api-projection-filesystem.md	md	old flat-root API source document	root_canonical_source	archive_after_absorption	Documentation/architecture/api-source-of-truth.md	Inspected document "API Projection Filesystem" covering Status, Purpose, Canonical Rule.	Documentation/architecture/api-source-of-truth.md	Documentation/archive/old-flat-root/api-projection-filesystem.md	no	Useful content absorbed into canonical target sections; flat root file archived.	Content inspected by title, headings, and body read before classification; no deletion selected.
api	Documentation/api-registry-refactor.md	md	old flat-root API source document	root_canonical_source	archive_after_absorption	Documentation/operations/operation-registry.md	Inspected document "API Registry Refactor" covering Status, Purpose, Non-goals.	Documentation/operations/operation-registry.md	Documentation/archive/old-flat-root/api-registry-refactor.md	no	Useful content absorbed into canonical target sections; flat root file archived.	Content inspected by title, headings, and body read before classification; no deletion selected.
api	Documentation/api-source-of-truth.md	md	old flat-root API source document	root_canonical_source	archive_after_absorption	Documentation/architecture/api-source-of-truth.md	Inspected document "API Projection Source of Truth".	Documentation/architecture/api-source-of-truth.md	Documentation/archive/old-flat-root/api-source-of-truth.md	no	Useful content absorbed into canonical target sections; flat root file archived.	Content inspected by title, headings, and body read before classification; no deletion selected.
api	Documentation/api-to-core-plane-map.md	md	old flat-root API source document	root_canonical_source	archive_after_absorption	Documentation/architecture/client-projection-boundary.md	Inspected document "API to Core Plane Map".	Documentation/architecture/client-projection-boundary.md	Documentation/archive/old-flat-root/api-to-core-plane-map.md	no	Useful content absorbed into canonical target sections; flat root file archived.	Content inspected by title, headings, and body read before classification; no deletion selected.
api	Documentation/build/api-build-contract.md	md	historical build and conformance validation note	old_build_conformance_note	archive_after_absorption	Documentation/conformance/check-index.md; Documentation/conformance/implementation-readiness.md	Inspected document "API Build / Conformance Contract" covering Status, Purpose, Canonical Commands.	Documentation/conformance/check-index.md; Documentation/conformance/implementation-readiness.md	Documentation/archive/old-flat-root/build/api-build-contract.md	no	Build notes were converted into conformance check documentation.	Content inspected by title, headings, and body read before classification; no deletion selected.
api	Documentation/case/case-commands.md	md	case domain source material	domain_case_source	archive_after_absorption	Documentation/domains/case.md	Inspected document "Case Commands" covering Status, Purpose, Commands.	Documentation/domains/case.md	Documentation/archive/old-flat-root/case/case-commands.md	no	Case domain content absorbed into canonical domain documentation.	Content inspected by title, headings, and body read before classification; no deletion selected.
api	Documentation/case/case-tree-model.md	md	case domain source material	domain_case_source	archive_after_absorption	Documentation/domains/case.md	Inspected document "Case Tree Model" covering Status, Purpose, Root.	Documentation/domains/case.md	Documentation/archive/old-flat-root/case/case-tree-model.md	no	Case domain content absorbed into canonical domain documentation.	Content inspected by title, headings, and body read before classification; no deletion selected.
api	Documentation/case/case-uri-model.md	md	case domain source material	domain_case_source	archive_after_absorption	Documentation/domains/case.md	Inspected document "Case URI Model" covering Status, Purpose, Canonical Roots.	Documentation/domains/case.md	Documentation/archive/old-flat-root/case/case-uri-model.md	no	Case domain content absorbed into canonical domain documentation.	Content inspected by title, headings, and body read before classification; no deletion selected.
api	Documentation/case/root-user-case.md	md	case domain source material	domain_case_source	archive_after_absorption	Documentation/domains/case.md	Inspected document "Work Root Case" covering Status, Definition, V6 Local-Dev Behavior.	Documentation/domains/case.md	Documentation/archive/old-flat-root/case/root-user-case.md	no	Case domain content absorbed into canonical domain documentation.	Content inspected by title, headings, and body read before classification; no deletion selected.
api	Documentation/command-projection-model.md	md	old flat-root API source document	root_canonical_source	archive_after_absorption	Documentation/operations/command-projection-model.md	Inspected document "Command Projection Model".	Documentation/operations/command-projection-model.md	Documentation/archive/old-flat-root/command-projection-model.md	no	Useful content absorbed into canonical target sections; flat root file archived.	Content inspected by title, headings, and body read before classification; no deletion selected.
api	Documentation/compat/session-legacy-containment.md	md	historical runtime compatibility note	old_runtime_compatibility_source	archive_after_absorption	Documentation/domains/runtime.md	Inspected document "Session Legacy Containment" covering Status, Policy, Canonical Replacement Model.	Documentation/domains/runtime.md	Documentation/archive/old-flat-root/compat/session-legacy-containment.md	no	Compatibility boundary absorbed into runtime domain and archived.	Content inspected by title, headings, and body read before classification; no deletion selected.
api	Documentation/enterprise-api-standard.md	md	old flat-root API source document	root_canonical_source	archive_after_absorption	Documentation/conformance/conformance-policy.md	Inspected document "Enterprise API Standard".	Documentation/conformance/conformance-policy.md	Documentation/archive/old-flat-root/enterprise-api-standard.md	no	Useful content absorbed into canonical target sections; flat root file archived.	Content inspected by title, headings, and body read before classification; no deletion selected.
api	Documentation/execution/account-scoped-limit-reconciliation.md	md	execution and authority source material	domain_execution_source	archive_after_absorption	Documentation/domains/execution.md	Inspected document "Account-Scoped Limit Reconciliation" covering Status, Purpose, Canonical Invariants.	Documentation/domains/execution.md	Documentation/archive/old-flat-root/execution/account-scoped-limit-reconciliation.md	no	Execution domain content absorbed into canonical domain documentation.	Content inspected by title, headings, and body read before classification; no deletion selected.
api	Documentation/execution/agent-authority-binding.md	md	execution and authority source material	domain_execution_source	archive_after_absorption	Documentation/domains/execution.md	Inspected document "Agent Authority Binding" covering Status, Purpose, Canonical Invariant.	Documentation/domains/execution.md	Documentation/archive/old-flat-root/execution/agent-authority-binding.md	no	Execution domain content absorbed into canonical domain documentation.	Content inspected by title, headings, and body read before classification; no deletion selected.
api	Documentation/execution/analytics-binding.md	md	execution and authority source material	domain_execution_source	archive_after_absorption	Documentation/domains/execution.md	Inspected document "Analytics Binding" covering Status, Purpose, Canonical Invariants.	Documentation/domains/execution.md	Documentation/archive/old-flat-root/execution/analytics-binding.md	no	Execution domain content absorbed into canonical domain documentation.	Content inspected by title, headings, and body read before classification; no deletion selected.
api	Documentation/execution/case-bound-jobs.md	md	execution and authority source material	domain_execution_source	archive_after_absorption	Documentation/domains/execution.md	Inspected document "Case-bound Jobs" covering Status, Purpose, Canonical Invariant.	Documentation/domains/execution.md	Documentation/archive/old-flat-root/execution/case-bound-jobs.md	no	Execution domain content absorbed into canonical domain documentation.	Content inspected by title, headings, and body read before classification; no deletion selected.
api	Documentation/execution/case-evidence-binding.md	md	execution and authority source material	domain_execution_source	archive_after_absorption	Documentation/domains/execution.md	Inspected document "Case Evidence Binding" covering Status, Purpose, Canonical Invariant.	Documentation/domains/execution.md	Documentation/archive/old-flat-root/execution/case-evidence-binding.md	no	Execution domain content absorbed into canonical domain documentation.	Content inspected by title, headings, and body read before classification; no deletion selected.
api	Documentation/execution/case-job-flow-limit-boundary.md	md	execution and authority source material	domain_execution_source	archive_after_absorption	Documentation/domains/execution.md	Inspected document "Case / Job / Flow Limit Boundary" covering Status, Purpose, Canonical Invariants.	Documentation/domains/execution.md	Documentation/archive/old-flat-root/execution/case-job-flow-limit-boundary.md	no	Execution domain content absorbed into canonical domain documentation.	Content inspected by title, headings, and body read before classification; no deletion selected.
api	Documentation/execution/cloud-compute-boundary.md	md	execution and authority source material	domain_execution_source	archive_after_absorption	Documentation/domains/execution.md	Inspected document "Cloud Compute Boundary" covering Status, Purpose, Canonical Invariants.	Documentation/domains/execution.md	Documentation/archive/old-flat-root/execution/cloud-compute-boundary.md	no	Execution domain content absorbed into canonical domain documentation.	Content inspected by title, headings, and body read before classification; no deletion selected.
api	Documentation/execution/detach-continuation-semantics.md	md	execution and authority source material	domain_execution_source	archive_after_absorption	Documentation/domains/execution.md	Inspected document "Detach / Continuation Semantics" covering Status, Purpose, Canonical Rule.	Documentation/domains/execution.md	Documentation/archive/old-flat-root/execution/detach-continuation-semantics.md	no	Execution domain content absorbed into canonical domain documentation.	Content inspected by title, headings, and body read before classification; no deletion selected.
api	Documentation/execution/execution-lease-model.md	md	execution and authority source material	domain_execution_source	archive_after_absorption	Documentation/domains/execution.md	Inspected document "Execution Lease Model" covering Status, Purpose, Canonical Invariants.	Documentation/domains/execution.md	Documentation/archive/old-flat-root/execution/execution-lease-model.md	no	Execution domain content absorbed into canonical domain documentation.	Content inspected by title, headings, and body read before classification; no deletion selected.
api	Documentation/execution/flow-binding.md	md	execution and authority source material	domain_execution_source	archive_after_absorption	Documentation/domains/execution.md	Inspected document "Flow Binding" covering Status, Purpose, Canonical Invariant.	Documentation/domains/execution.md	Documentation/archive/old-flat-root/execution/flow-binding.md	no	Execution domain content absorbed into canonical domain documentation.	Content inspected by title, headings, and body read before classification; no deletion selected.
api	Documentation/execution/knowledge-binding.md	md	execution and authority source material	domain_execution_source	archive_after_absorption	Documentation/domains/execution.md	Inspected document "Knowledge Binding" covering Status, Purpose, Canonical Invariant.	Documentation/domains/execution.md	Documentation/archive/old-flat-root/execution/knowledge-binding.md	no	Execution domain content absorbed into canonical domain documentation.	Content inspected by title, headings, and body read before classification; no deletion selected.
api	Documentation/execution/license-lease-consumption.md	md	execution and authority source material	domain_execution_source	archive_after_absorption	Documentation/domains/execution.md	Inspected document "License Lease Consumption" covering Status, Purpose, Canonical Invariants.	Documentation/domains/execution.md	Documentation/archive/old-flat-root/execution/license-lease-consumption.md	no	Execution domain content absorbed into canonical domain documentation.	Content inspected by title, headings, and body read before classification; no deletion selected.
api	Documentation/execution/local-lease-cache-reboot-continuity.md	md	execution and authority source material	domain_execution_source	archive_after_absorption	Documentation/domains/execution.md	Inspected document "Local Lease Cache / Reboot Continuity" covering Status, Purpose, Canonical Invariants.	Documentation/domains/execution.md	Documentation/archive/old-flat-root/execution/local-lease-cache-reboot-continuity.md	no	Execution domain content absorbed into canonical domain documentation.	Content inspected by title, headings, and body read before classification; no deletion selected.
api	Documentation/execution/local-machine-identity-store.md	md	execution and authority source material	domain_execution_source	archive_after_absorption	Documentation/domains/execution.md	Inspected document "Local Machine Identity Store" covering Status, Purpose, Canonical Invariants.	Documentation/domains/execution.md	Documentation/archive/old-flat-root/execution/local-machine-identity-store.md	no	Execution domain content absorbed into canonical domain documentation.	Content inspected by title, headings, and body read before classification; no deletion selected.
api	Documentation/execution/local-model-provider-access-boundary.md	md	execution and authority source material	domain_execution_source	archive_after_absorption	Documentation/domains/execution.md	Inspected document "Local Model / Provider Access Boundary" covering Status, Purpose, Canonical Invariants.	Documentation/domains/execution.md	Documentation/archive/old-flat-root/execution/local-model-provider-access-boundary.md	no	Execution domain content absorbed into canonical domain documentation.	Content inspected by title, headings, and body read before classification; no deletion selected.
api	Documentation/execution/logout-revocation-lease-invalidation.md	md	execution and authority source material	domain_execution_source	archive_after_absorption	Documentation/domains/execution.md	Inspected document "Logout / Revocation / Lease Invalidation" covering Status, Purpose, Canonical Invariants.	Documentation/domains/execution.md	Documentation/archive/old-flat-root/execution/logout-revocation-lease-invalidation.md	no	Execution domain content absorbed into canonical domain documentation.	Content inspected by title, headings, and body read before classification; no deletion selected.
api	Documentation/execution/logout-seal-policy.md	md	execution and authority source material	domain_execution_source	archive_after_absorption	Documentation/domains/execution.md	Inspected document "Logout / Seal Policy" covering Status, Purpose, Canonical Rule.	Documentation/domains/execution.md	Documentation/archive/old-flat-root/execution/logout-seal-policy.md	no	Execution domain content absorbed into canonical domain documentation.	Content inspected by title, headings, and body read before classification; no deletion selected.
api	Documentation/execution/machine-authorization-consumption.md	md	execution and authority source material	domain_execution_source	archive_after_absorption	Documentation/domains/execution.md	Inspected document "Machine Authorization Consumption" covering Status, Purpose, Canonical Invariants.	Documentation/domains/execution.md	Documentation/archive/old-flat-root/execution/machine-authorization-consumption.md	no	Execution domain content absorbed into canonical domain documentation.	Content inspected by title, headings, and body read before classification; no deletion selected.
api	Documentation/execution/machine-enrollment-client-flow.md	md	execution and authority source material	domain_execution_source	archive_after_absorption	Documentation/domains/execution.md	Inspected document "Machine Enrollment Client Flow" covering Status, Purpose, Canonical Invariants.	Documentation/domains/execution.md	Documentation/archive/old-flat-root/execution/machine-enrollment-client-flow.md	no	Execution domain content absorbed into canonical domain documentation.	Content inspected by title, headings, and body read before classification; no deletion selected.
api	Documentation/execution/machine-fingerprint-evidence-builder.md	md	execution and authority source material	domain_execution_source	archive_after_absorption	Documentation/domains/execution.md	Inspected document "Machine Fingerprint Evidence Builder" covering Status, Purpose, Canonical Invariants.	Documentation/domains/execution.md	Documentation/archive/old-flat-root/execution/machine-fingerprint-evidence-builder.md	no	Execution domain content absorbed into canonical domain documentation.	Content inspected by title, headings, and body read before classification; no deletion selected.
api	Documentation/execution/offline-grace-stale-lease-behavior.md	md	execution and authority source material	domain_execution_source	archive_after_absorption	Documentation/domains/execution.md	Inspected document "Offline Grace / Stale Lease Behavior" covering Status, Purpose, Canonical Invariants.	Documentation/domains/execution.md	Documentation/archive/old-flat-root/execution/offline-grace-stale-lease-behavior.md	no	Execution domain content absorbed into canonical domain documentation.	Content inspected by title, headings, and body read before classification; no deletion selected.
api	Documentation/execution/provider-authority-binding.md	md	execution and authority source material	domain_execution_source	archive_after_absorption	Documentation/domains/execution.md	Inspected document "Provider Authority Binding" covering Status, Purpose, Canonical Invariant.	Documentation/domains/execution.md	Documentation/archive/old-flat-root/execution/provider-authority-binding.md	no	Execution domain content absorbed into canonical domain documentation.	Content inspected by title, headings, and body read before classification; no deletion selected.
api	Documentation/execution/runtime-gate-registry.md	md	execution and authority source material	domain_execution_source	archive_after_absorption	Documentation/domains/execution.md	Inspected document "Runtime Gate Registry" covering Status, Purpose, Canonical Invariants.	Documentation/domains/execution.md	Documentation/archive/old-flat-root/execution/runtime-gate-registry.md	no	Execution domain content absorbed into canonical domain documentation.	Content inspected by title, headings, and body read before classification; no deletion selected.
api	Documentation/execution/runtime-license-check-request.md	md	execution and authority source material	domain_execution_source	archive_after_absorption	Documentation/domains/execution.md	Inspected document "Runtime License Check Request" covering Status, Purpose, Canonical Invariants.	Documentation/domains/execution.md	Documentation/archive/old-flat-root/execution/runtime-license-check-request.md	no	Execution domain content absorbed into canonical domain documentation.	Content inspected by title, headings, and body read before classification; no deletion selected.
api	Documentation/execution/runtime-license-check-response.md	md	execution and authority source material	domain_execution_source	archive_after_absorption	Documentation/domains/execution.md	Inspected document "Runtime License Check Response" covering Status, Purpose, Canonical Invariants.	Documentation/domains/execution.md	Documentation/archive/old-flat-root/execution/runtime-license-check-response.md	no	Execution domain content absorbed into canonical domain documentation.	Content inspected by title, headings, and body read before classification; no deletion selected.
api	Documentation/execution/runtime-sealed-by-license-behavior.md	md	execution and authority source material	domain_execution_source	archive_after_absorption	Documentation/domains/execution.md	Inspected document "Runtime Sealed-by-License Behavior" covering Status, Purpose, Canonical Invariants.	Documentation/domains/execution.md	Documentation/archive/old-flat-root/execution/runtime-sealed-by-license-behavior.md	no	Execution domain content absorbed into canonical domain documentation.	Content inspected by title, headings, and body read before classification; no deletion selected.
api	Documentation/identity/principal-model.md	md	identity domain source material	domain_identity_source	archive_after_absorption	Documentation/domains/identity.md	Inspected document "Principal Model" covering Status, Purpose, Canonical Concepts.	Documentation/domains/identity.md	Documentation/archive/old-flat-root/identity/principal-model.md	no	Identity content absorbed into canonical domain documentation.	Content inspected by title, headings, and body read before classification; no deletion selected.
api	Documentation/in-process-subprocess-compat-boundary.md	md	old flat-root API source document	root_canonical_source	archive_after_absorption	Documentation/transports/in-process-test.md; Documentation/transports/subprocess-stdio-compat.md	Inspected document "In-process Test and Subprocess Compat Boundary" covering Purpose, Boundary Split, Key Rules.	Documentation/transports/in-process-test.md; Documentation/transports/subprocess-stdio-compat.md	Documentation/archive/old-flat-root/in-process-subprocess-compat-boundary.md	no	Useful content absorbed into canonical target sections; flat root file archived.	Content inspected by title, headings, and body read before classification; no deletion selected.
api	Documentation/lan-secure-remote-https-boundary.md	md	old flat-root API source document	root_canonical_source	archive_after_absorption	Documentation/transports/lan-secure-remote.md	Inspected document "LAN Secure and Remote HTTPS Boundary" covering Purpose, Boundary Split, Key Rules.	Documentation/transports/lan-secure-remote.md	Documentation/archive/old-flat-root/lan-secure-remote-https-boundary.md	no	Useful content absorbed into canonical target sections; flat root file archived.	Content inspected by title, headings, and body read before classification; no deletion selected.
api	Documentation/local-event-stream-contract.md	md	old flat-root API source document	root_canonical_source	archive_after_absorption	Documentation/transports/local-event-stream.md	Inspected document "Local Event Stream Contract" covering Purpose, Contract Summary, Ownership.	Documentation/transports/local-event-stream.md	Documentation/archive/old-flat-root/local-event-stream-contract.md	no	Useful content absorbed into canonical target sections; flat root file archived.	Content inspected by title, headings, and body read before classification; no deletion selected.
api	Documentation/local-http-loopback-contract.md	md	old flat-root API source document	root_canonical_source	archive_after_absorption	Documentation/transports/local-http-loopback.md	Inspected document "Local HTTP Loopback Contract" covering Purpose, Contract Summary, Ownership.	Documentation/transports/local-http-loopback.md	Documentation/archive/old-flat-root/local-http-loopback-contract.md	no	Useful content absorbed into canonical target sections; flat root file archived.	Content inspected by title, headings, and body read before classification; no deletion selected.
api	Documentation/local-ipc-rpc-contract.md	md	old flat-root API source document	root_canonical_source	archive_after_absorption	Documentation/transports/local-ipc-rpc.md	Inspected document "Local IPC RPC Contract" covering Purpose, Contract Summary, Ownership.	Documentation/transports/local-ipc-rpc.md	Documentation/archive/old-flat-root/local-ipc-rpc-contract.md	no	Useful content absorbed into canonical target sections; flat root file archived.	Content inspected by title, headings, and body read before classification; no deletion selected.
api	Documentation/operation-grammar.md	md	old flat-root API source document	root_canonical_source	archive_after_absorption	Documentation/operations/operation-grammar.md	Inspected document "Operation Grammar".	Documentation/operations/operation-grammar.md	Documentation/archive/old-flat-root/operation-grammar.md	no	Useful content absorbed into canonical target sections; flat root file archived.	Content inspected by title, headings, and body read before classification; no deletion selected.
api	Documentation/operation-to-transport-mapping.md	md	old flat-root API source document	root_canonical_source	archive_after_absorption	Documentation/operations/operation-to-transport-mapping.md	Inspected document "Operation-to-Transport Mapping" covering Purpose, Source Files, Mapping Summary.	Documentation/operations/operation-to-transport-mapping.md	Documentation/archive/old-flat-root/operation-to-transport-mapping.md	no	Useful content absorbed into canonical target sections; flat root file archived.	Content inspected by title, headings, and body read before classification; no deletion selected.
api	Documentation/operator/active-case-ref.md	md	operator context source material	domain_operator_source	archive_after_absorption	Documentation/domains/operator.md	Inspected document "Active Case Ref" covering Status, Purpose, Decision.	Documentation/domains/operator.md	Documentation/archive/old-flat-root/operator/active-case-ref.md	no	Operator domain content absorbed into canonical domain documentation.	Content inspected by title, headings, and body read before classification; no deletion selected.
api	Documentation/operator/operator-context-plane.md	md	operator context source material	domain_operator_source	archive_after_absorption	Documentation/domains/operator.md	Inspected document "Operator Context Plane" covering Status, Purpose, Definition.	Documentation/domains/operator.md	Documentation/archive/old-flat-root/operator/operator-context-plane.md	no	Operator domain content absorbed into canonical domain documentation.	Content inspected by title, headings, and body read before classification; no deletion selected.
api	Documentation/prompting-canonical-surface.md	md	old flat-root API source document	root_canonical_source	archive_after_absorption	Documentation/architecture/client-projection-boundary.md	Inspected document "Prompting Canonical Surface" covering Decision, Canonical resources, Current canonical operation.	Documentation/architecture/client-projection-boundary.md	Documentation/archive/old-flat-root/prompting-canonical-surface.md	no	Useful content absorbed into canonical target sections; flat root file archived.	Content inspected by title, headings, and body read before classification; no deletion selected.
api	Documentation/protocol-api-boundary.md	md	old flat-root API source document	root_canonical_source	archive_after_absorption	Documentation/architecture/protocol-api-boundary.md	Inspected document "Protocol / API Boundary" covering Purpose, Canonical Rule, Protocol Owns.	Documentation/architecture/protocol-api-boundary.md	Documentation/archive/old-flat-root/protocol-api-boundary.md	no	Useful content absorbed into canonical target sections; flat root file archived.	Content inspected by title, headings, and body read before classification; no deletion selected.
api	Documentation/release-and-conformance-policy.md	md	old flat-root API source document	root_canonical_source	archive_after_absorption	Documentation/conformance/release-policy.md	Inspected document "API Release and Conformance Policy".	Documentation/conformance/release-policy.md	Documentation/archive/old-flat-root/release-and-conformance-policy.md	no	Useful content absorbed into canonical target sections; flat root file archived.	Content inspected by title, headings, and body read before classification; no deletion selected.
api	Documentation/runtime/allowed-blocked-surfaces.md	md	runtime projection source material	domain_runtime_source	archive_after_absorption	Documentation/domains/runtime.md; Documentation/architecture/runtime-implementation-boundary.md	Inspected document "Allowed / Blocked Surfaces" covering Status, Purpose, Canonical Invocation.	Documentation/domains/runtime.md; Documentation/architecture/runtime-implementation-boundary.md	Documentation/archive/old-flat-root/runtime/allowed-blocked-surfaces.md	no	Runtime API projection content absorbed while runtime truth remains delegated to YAI.	Content inspected by title, headings, and body read before classification; no deletion selected.
api	Documentation/runtime/dev-wrapper-boundary.md	md	runtime projection source material	domain_runtime_source	archive_after_absorption	Documentation/domains/runtime.md; Documentation/architecture/runtime-implementation-boundary.md	Inspected document "Dev Wrapper Boundary" covering Status, Purpose, Definition.	Documentation/domains/runtime.md; Documentation/architecture/runtime-implementation-boundary.md	Documentation/archive/old-flat-root/runtime/dev-wrapper-boundary.md	no	Runtime API projection content absorbed while runtime truth remains delegated to YAI.	Content inspected by title, headings, and body read before classification; no deletion selected.
api	Documentation/runtime/runtime-control-plan.md	md	runtime projection source material	domain_runtime_source	archive_after_absorption	Documentation/domains/runtime.md; Documentation/architecture/runtime-implementation-boundary.md	Inspected document "Runtime Control Plan" covering Status, Purpose, Definition.	Documentation/domains/runtime.md; Documentation/architecture/runtime-implementation-boundary.md	Documentation/archive/old-flat-root/runtime/runtime-control-plan.md	no	Runtime API projection content absorbed while runtime truth remains delegated to YAI.	Content inspected by title, headings, and body read before classification; no deletion selected.
api	Documentation/runtime/runtime-readiness-projection.md	md	runtime projection source material	domain_runtime_source	archive_after_absorption	Documentation/domains/runtime.md; Documentation/architecture/runtime-implementation-boundary.md	Inspected document "Runtime Readiness Projection" covering Status, Purpose, Projection Fields.	Documentation/domains/runtime.md; Documentation/architecture/runtime-implementation-boundary.md	Documentation/archive/old-flat-root/runtime/runtime-readiness-projection.md	no	Runtime API projection content absorbed while runtime truth remains delegated to YAI.	Content inspected by title, headings, and body read before classification; no deletion selected.
api	Documentation/runtime/runtime-sealed-enforcement.md	md	runtime projection source material	domain_runtime_source	archive_after_absorption	Documentation/domains/runtime.md; Documentation/architecture/runtime-implementation-boundary.md	Inspected document "Runtime Sealed Enforcement" covering Status, Purpose, Core Rule.	Documentation/domains/runtime.md; Documentation/architecture/runtime-implementation-boundary.md	Documentation/archive/old-flat-root/runtime/runtime-sealed-enforcement.md	no	Runtime API projection content absorbed while runtime truth remains delegated to YAI.	Content inspected by title, headings, and body read before classification; no deletion selected.
api	Documentation/runtime/service-lifecycle-boundary.md	md	runtime projection source material	domain_runtime_source	archive_after_absorption	Documentation/domains/runtime.md; Documentation/architecture/runtime-implementation-boundary.md	Inspected document "Service Lifecycle Boundary" covering Status, Purpose, Lifecycle States.	Documentation/domains/runtime.md; Documentation/architecture/runtime-implementation-boundary.md	Documentation/archive/old-flat-root/runtime/service-lifecycle-boundary.md	no	Runtime API projection content absorbed while runtime truth remains delegated to YAI.	Content inspected by title, headings, and body read before classification; no deletion selected.
api	Documentation/runtime-implementation-boundary.md	md	old flat-root API source document	root_canonical_source	archive_after_absorption	Documentation/architecture/runtime-implementation-boundary.md	Inspected document "Runtime Implementation Boundary".	Documentation/architecture/runtime-implementation-boundary.md	Documentation/archive/old-flat-root/runtime-implementation-boundary.md	no	Useful content absorbed into canonical target sections; flat root file archived.	Content inspected by title, headings, and body read before classification; no deletion selected.
api	Documentation/source-api-readme.md	md	old flat-root API source document	root_canonical_source	archive_after_absorption	Documentation/architecture/api-source-of-truth.md	Inspected document "API" covering Current role, Extraction target (Wave 13), Transitional note.	Documentation/architecture/api-source-of-truth.md	Documentation/archive/old-flat-root/source-api-readme.md	no	Useful content absorbed into canonical target sections; flat root file archived.	Content inspected by title, headings, and body read before classification; no deletion selected.
api	Documentation/transport-boundary-model.md	md	old flat-root API source document	root_canonical_source	archive_after_absorption	Documentation/architecture/transport-model.md	Inspected document "Transport Boundary Model" covering Purpose, Why Transport Is Separate From Operation Semantics, Transport Classes.	Documentation/architecture/transport-model.md	Documentation/archive/old-flat-root/transport-boundary-model.md	no	Useful content absorbed into canonical target sections; flat root file archived.	Content inspected by title, headings, and body read before classification; no deletion selected.
api	Documentation/transport-contract-index-implementation-readiness.md	md	old flat-root API source document	root_canonical_source	archive_after_absorption	Documentation/transports/transport-contract-index.md	Inspected document "Transport Contract Index / Implementation Readiness".	Documentation/transports/transport-contract-index.md	Documentation/archive/old-flat-root/transport-contract-index-implementation-readiness.md	no	Useful content absorbed into canonical target sections; flat root file archived.	Content inspected by title, headings, and body read before classification; no deletion selected.
api	Documentation/versioning-and-compatibility.md	md	old flat-root API source document	root_canonical_source	archive_after_absorption	Documentation/conformance/versioning-and-compatibility.md	Inspected document "API Versioning and Compatibility".	Documentation/conformance/versioning-and-compatibility.md	Documentation/archive/old-flat-root/versioning-and-compatibility.md	no	Useful content absorbed into canonical target sections; flat root file archived.	Content inspected by title, headings, and body read before classification; no deletion selected.
api	Documentation/sdk/sdk-runtime-surface-alignment.md	md	historical SDK projection alignment material	old_sdk_projection_material	archive_after_absorption	Documentation/domains/sdk.md; Documentation/architecture/client-projection-boundary.md	Inspected document "SDK Runtime Surface Alignment" covering Status, Purpose, Required Runtime Fields.	Documentation/domains/sdk.md; Documentation/architecture/client-projection-boundary.md	Documentation/archive/old-sdk/sdk-runtime-surface-alignment.md	no	API keeps SDK-facing protocol projection only; SDK package truth is delegated to the sdk repo.	Content inspected by title, headings, and body read before classification; no deletion selected.
api	Documentation/waves/a-series-map.md	md	historical delivery wave report	historical_wave_report	archive_after_absorption	Documentation/archive/historical-manifest.md	Inspected document "A-Series Delivery Map" covering Status, Deliveries, Rule.	Documentation/archive/historical-manifest.md	Documentation/archive/old-v-waves/a-series-map.md	no	Completed wave material is historical and cannot remain as a primary section.	Content inspected by title, headings, and body read before classification; no deletion selected.
api	Documentation/waves/a1-console-canonicalization-legacy-cli-loom-drain.md	md	historical delivery wave report	historical_wave_report	archive_after_absorption	Documentation/domains/client.md; Documentation/domains/sdk.md	Inspected document "A1 - Console Canonicalization / Legacy CLI-Loom Drain" covering Status, Purpose, Files Changed.	Documentation/domains/client.md; Documentation/domains/sdk.md	Documentation/archive/old-v-waves/a1-console-canonicalization-legacy-cli-loom-drain.md	no	Completed wave material is historical and cannot remain as a primary section.	Content inspected by title, headings, and body read before classification; no deletion selected.
api	Documentation/waves/a1-operation-transport-mapping-drift-reconciliation.md	md	historical delivery wave report	historical_wave_report	archive_after_absorption	Documentation/transports/transport-contract-index.md; Documentation/operations/operation-to-transport-mapping.md	Inspected document "A1 — Operation Transport Mapping Drift Reconciliation" covering Status, Purpose, Files Changed.	Documentation/transports/transport-contract-index.md; Documentation/operations/operation-to-transport-mapping.md	Documentation/archive/old-v-waves/a1-operation-transport-mapping-drift-reconciliation.md	no	Completed wave material is historical and cannot remain as a primary section.	Content inspected by title, headings, and body read before classification; no deletion selected.
api	Documentation/waves/a2-operation-transport-mapping-drift-reconciliation.md	md	historical delivery wave report	historical_wave_report	archive_after_absorption	Documentation/transports/transport-contract-index.md; Documentation/operations/operation-to-transport-mapping.md	Inspected document "A2 — Operation Transport Mapping Drift Reconciliation" covering Status, Purpose, Files Changed.	Documentation/transports/transport-contract-index.md; Documentation/operations/operation-to-transport-mapping.md	Documentation/archive/old-v-waves/a2-operation-transport-mapping-drift-reconciliation.md	no	Completed wave material is historical and cannot remain as a primary section.	Content inspected by title, headings, and body read before classification; no deletion selected.
api	Documentation/waves/a4-protocol-contract-client-attachment-system-call-record.md	md	historical delivery wave report	historical_wave_report	archive_after_absorption	Documentation/archive/historical-manifest.md	Inspected document "A4 — Protocol Contract for Client Attachment + System Call Record" covering Status, Purpose, Projection Summary.	Documentation/archive/historical-manifest.md	Documentation/archive/old-v-waves/a4-protocol-contract-client-attachment-system-call-record.md	no	Completed wave material is historical and cannot remain as a primary section.	Content inspected by title, headings, and body read before classification; no deletion selected.
api	Documentation/waves/a5-api-envelope-sdk-call-context-propagation.md	md	historical delivery wave report	historical_wave_report	archive_after_absorption	Documentation/archive/historical-manifest.md	Inspected document "A5 — API Envelope / SDK Call Context Propagation" covering Status, Purpose, Files Changed.	Documentation/archive/historical-manifest.md	Documentation/archive/old-v-waves/a5-api-envelope-sdk-call-context-propagation.md	no	Completed wave material is historical and cannot remain as a primary section.	Content inspected by title, headings, and body read before classification; no deletion selected.
api	Documentation/waves/api-01-transport-boundary-operation-surface-vocabulary-freeze.md	md	historical delivery wave report	historical_wave_report	archive_after_absorption	Documentation/operations/operation-registry.md; Documentation/operations/command-projection-model.md	Inspected document "API.01 — Transport Boundary / Operation Surface Vocabulary Freeze" covering Status, Purpose, Files Changed.	Documentation/operations/operation-registry.md; Documentation/operations/command-projection-model.md	Documentation/archive/old-v-waves/api-01-transport-boundary-operation-surface-vocabulary-freeze.md	no	Completed wave material is historical and cannot remain as a primary section.	Content inspected by title, headings, and body read before classification; no deletion selected.
api	Documentation/waves/api-02-operation-to-transport-mapping-dispatch-contract.md	md	historical delivery wave report	historical_wave_report	archive_after_absorption	Documentation/operations/operation-registry.md; Documentation/operations/command-projection-model.md	Inspected document "API.02 — Operation-to-Transport Mapping / Dispatch Contract" covering Status, Purpose, Files Changed.	Documentation/operations/operation-registry.md; Documentation/operations/command-projection-model.md	Documentation/archive/old-v-waves/api-02-operation-to-transport-mapping-dispatch-contract.md	no	Completed wave material is historical and cannot remain as a primary section.	Content inspected by title, headings, and body read before classification; no deletion selected.
api	Documentation/waves/api-03-api-envelope-error-stream-frame-alignment.md	md	historical delivery wave report	historical_wave_report	archive_after_absorption	Documentation/operations/operation-registry.md; Documentation/operations/command-projection-model.md	Inspected document "API.03 — API Envelope / Error / Stream Frame Alignment" covering Status, Purpose, Files Changed.	Documentation/operations/operation-registry.md; Documentation/operations/command-projection-model.md	Documentation/archive/old-v-waves/api-03-api-envelope-error-stream-frame-alignment.md	no	Completed wave material is historical and cannot remain as a primary section.	Content inspected by title, headings, and body read before classification; no deletion selected.
api	Documentation/waves/api-04-local-ipc-rpc-contract-verticalization.md	md	historical delivery wave report	historical_wave_report	archive_after_absorption	Documentation/transports/transport-contract-index.md; Documentation/operations/operation-to-transport-mapping.md	Inspected document "API.04 — Local IPC RPC Contract Verticalization" covering Status, Purpose, Files Changed.	Documentation/transports/transport-contract-index.md; Documentation/operations/operation-to-transport-mapping.md	Documentation/archive/old-v-waves/api-04-local-ipc-rpc-contract-verticalization.md	no	Completed wave material is historical and cannot remain as a primary section.	Content inspected by title, headings, and body read before classification; no deletion selected.
api	Documentation/waves/api-05-local-http-loopback-contract-verticalization.md	md	historical delivery wave report	historical_wave_report	archive_after_absorption	Documentation/transports/transport-contract-index.md; Documentation/operations/operation-to-transport-mapping.md	Inspected document "API.05 — Local HTTP Loopback Contract Verticalization" covering Status, Purpose, Files Changed.	Documentation/transports/transport-contract-index.md; Documentation/operations/operation-to-transport-mapping.md	Documentation/archive/old-v-waves/api-05-local-http-loopback-contract-verticalization.md	no	Completed wave material is historical and cannot remain as a primary section.	Content inspected by title, headings, and body read before classification; no deletion selected.
api	Documentation/waves/api-06-local-event-stream-contract-verticalization.md	md	historical delivery wave report	historical_wave_report	archive_after_absorption	Documentation/transports/transport-contract-index.md; Documentation/operations/operation-to-transport-mapping.md	Inspected document "API.06 — Local Event Stream Contract Verticalization" covering Status, Purpose, Files Changed.	Documentation/transports/transport-contract-index.md; Documentation/operations/operation-to-transport-mapping.md	Documentation/archive/old-v-waves/api-06-local-event-stream-contract-verticalization.md	no	Completed wave material is historical and cannot remain as a primary section.	Content inspected by title, headings, and body read before classification; no deletion selected.
api	Documentation/waves/api-07-lan-secure-remote-https-boundary-split.md	md	historical delivery wave report	historical_wave_report	archive_after_absorption	Documentation/transports/transport-contract-index.md; Documentation/operations/operation-to-transport-mapping.md	Inspected document "API.07 — LAN Secure / Remote HTTPS Boundary Split" covering Status, Purpose, Files Changed.	Documentation/transports/transport-contract-index.md; Documentation/operations/operation-to-transport-mapping.md	Documentation/archive/old-v-waves/api-07-lan-secure-remote-https-boundary-split.md	no	Completed wave material is historical and cannot remain as a primary section.	Content inspected by title, headings, and body read before classification; no deletion selected.
api	Documentation/waves/api-08-in-process-test-subprocess-stdio-compatibility-boundary.md	md	historical delivery wave report	historical_wave_report	archive_after_absorption	Documentation/transports/transport-contract-index.md; Documentation/operations/operation-to-transport-mapping.md	Inspected document "API.08 — In-process Test / Subprocess Stdio Compatibility Boundary" covering Status, Purpose, Files Changed.	Documentation/transports/transport-contract-index.md; Documentation/operations/operation-to-transport-mapping.md	Documentation/archive/old-v-waves/api-08-in-process-test-subprocess-stdio-compatibility-boundary.md	no	Completed wave material is historical and cannot remain as a primary section.	Content inspected by title, headings, and body read before classification; no deletion selected.
api	Documentation/waves/api-09-transport-contract-index-implementation-readiness-matrix.md	md	historical delivery wave report	historical_wave_report	archive_after_absorption	Documentation/transports/transport-contract-index.md; Documentation/operations/operation-to-transport-mapping.md	Inspected document "API.09 — Transport Contract Index / Implementation Readiness Matrix" covering Status, Purpose, Files Changed.	Documentation/transports/transport-contract-index.md; Documentation/operations/operation-to-transport-mapping.md	Documentation/archive/old-v-waves/api-09-transport-contract-index-implementation-readiness-matrix.md	no	Completed wave material is historical and cannot remain as a primary section.	Content inspected by title, headings, and body read before classification; no deletion selected.
api	Documentation/waves/api-10-operation-transport-mapping-drift-reconciliation.md	md	historical delivery wave report	historical_wave_report	archive_after_absorption	Documentation/operations/operation-registry.md; Documentation/operations/command-projection-model.md	Inspected document "API.10 — Operation Transport Mapping Drift Reconciliation" covering Status, Purpose, Files Changed.	Documentation/operations/operation-registry.md; Documentation/operations/command-projection-model.md	Documentation/archive/old-v-waves/api-10-operation-transport-mapping-drift-reconciliation.md	no	Completed wave material is historical and cannot remain as a primary section.	Content inspected by title, headings, and body read before classification; no deletion selected.
api	Documentation/waves/v0-command-reality-audit.md	md	historical delivery wave report	historical_wave_report	archive_after_absorption	Documentation/archive/historical-manifest.md	Inspected document "V0 - Command Reality Audit" covering Status, Purpose, Master Decision.	Documentation/archive/historical-manifest.md	Documentation/archive/old-v-waves/v0-command-reality-audit.md	no	Completed wave material is historical and cannot remain as a primary section.	Content inspected by title, headings, and body read before classification; no deletion selected.
api	Documentation/waves/v10-5-canonical-cli-install-and-invocation.md	md	historical delivery wave report	historical_wave_report	archive_after_absorption	Documentation/archive/historical-manifest.md	Inspected document "V10.5 - Canonical CLI Install and Invocation" covering Status, Purpose, Scope.	Documentation/archive/historical-manifest.md	Documentation/archive/old-v-waves/v10-5-canonical-cli-install-and-invocation.md	no	Completed wave material is historical and cannot remain as a primary section.	Content inspected by title, headings, and body read before classification; no deletion selected.
api	Documentation/waves/v10-6-cli-binary-precedence-runtime-boundary.md	md	historical delivery wave report	historical_wave_report	archive_after_absorption	Documentation/archive/historical-manifest.md	Inspected document "V10.6 - CLI Binary Precedence / Runtime Carrier Boundary" covering Status, Purpose, Scope.	Documentation/archive/historical-manifest.md	Documentation/archive/old-v-waves/v10-6-cli-binary-precedence-runtime-boundary.md	no	Completed wave material is historical and cannot remain as a primary section.	Content inspected by title, headings, and body read before classification; no deletion selected.
api	Documentation/waves/v10-active-case-refactor.md	md	historical delivery wave report	historical_wave_report	archive_after_absorption	Documentation/domains/operator.md	Inspected document "V10 - Active Case Refactor" covering Status, Purpose, Scope.	Documentation/domains/operator.md	Documentation/archive/old-v-waves/v10-active-case-refactor.md	no	Completed wave material is historical and cannot remain as a primary section.	Content inspected by title, headings, and body read before classification; no deletion selected.
api	Documentation/waves/v11-operator-context-plane.md	md	historical delivery wave report	historical_wave_report	archive_after_absorption	Documentation/domains/operator.md	Inspected document "V11 - Operator Context Plane" covering Status, Purpose, Scope.	Documentation/domains/operator.md	Documentation/archive/old-v-waves/v11-operator-context-plane.md	no	Completed wave material is historical and cannot remain as a primary section.	Content inspected by title, headings, and body read before classification; no deletion selected.
api	Documentation/waves/v12-client-connection-model.md	md	historical delivery wave report	historical_wave_report	archive_after_absorption	Documentation/domains/client.md; Documentation/domains/sdk.md	Inspected document "V12 - Client Connection Model" covering Status, Purpose, Scope.	Documentation/domains/client.md; Documentation/domains/sdk.md	Documentation/archive/old-v-waves/v12-client-connection-model.md	no	Completed wave material is historical and cannot remain as a primary section.	Content inspected by title, headings, and body read before classification; no deletion selected.
api	Documentation/waves/v13-shell-ux-model.md	md	historical delivery wave report	historical_wave_report	archive_after_absorption	Documentation/domains/client.md; Documentation/domains/sdk.md	Inspected document "V13 - Shell UX Model" covering Status, Purpose, Scope.	Documentation/domains/client.md; Documentation/domains/sdk.md	Documentation/archive/old-v-waves/v13-shell-ux-model.md	no	Completed wave material is historical and cannot remain as a primary section.	Content inspected by title, headings, and body read before classification; no deletion selected.
api	Documentation/waves/v14-runtime-sealed-enforcement.md	md	historical delivery wave report	historical_wave_report	archive_after_absorption	Documentation/domains/runtime.md	Inspected document "V14 - Runtime Sealed Enforcement" covering Status, Purpose, Scope.	Documentation/domains/runtime.md	Documentation/archive/old-v-waves/v14-runtime-sealed-enforcement.md	no	Completed wave material is historical and cannot remain as a primary section.	Content inspected by title, headings, and body read before classification; no deletion selected.
api	Documentation/waves/v15-runtime-readiness-projection.md	md	historical delivery wave report	historical_wave_report	archive_after_absorption	Documentation/domains/runtime.md	Inspected document "V15 - Runtime Readiness Projection" covering Status, Purpose, Scope.	Documentation/domains/runtime.md	Documentation/archive/old-v-waves/v15-runtime-readiness-projection.md	no	Completed wave material is historical and cannot remain as a primary section.	Content inspected by title, headings, and body read before classification; no deletion selected.
api	Documentation/waves/v16-allowed-blocked-surfaces.md	md	historical delivery wave report	historical_wave_report	archive_after_absorption	Documentation/domains/runtime.md	Inspected document "V16 - Allowed / Blocked Surfaces" covering Status, Purpose, Scope.	Documentation/domains/runtime.md	Documentation/archive/old-v-waves/v16-allowed-blocked-surfaces.md	no	Completed wave material is historical and cannot remain as a primary section.	Content inspected by title, headings, and body read before classification; no deletion selected.
api	Documentation/waves/v17-service-lifecycle-boundary.md	md	historical delivery wave report	historical_wave_report	archive_after_absorption	Documentation/domains/runtime.md	Inspected document "V17 - Service Lifecycle Boundary" covering Status, Purpose, Scope.	Documentation/domains/runtime.md	Documentation/archive/old-v-waves/v17-service-lifecycle-boundary.md	no	Completed wave material is historical and cannot remain as a primary section.	Content inspected by title, headings, and body read before classification; no deletion selected.
api	Documentation/waves/v18-dev-wrapper-boundary.md	md	historical delivery wave report	historical_wave_report	archive_after_absorption	Documentation/domains/runtime.md	Inspected document "V18 - Dev Wrapper Boundary" covering Status, Purpose, Scope.	Documentation/domains/runtime.md	Documentation/archive/old-v-waves/v18-dev-wrapper-boundary.md	no	Completed wave material is historical and cannot remain as a primary section.	Content inspected by title, headings, and body read before classification; no deletion selected.
api	Documentation/waves/v19-runtime-control-plan.md	md	historical delivery wave report	historical_wave_report	archive_after_absorption	Documentation/domains/runtime.md	Inspected document "V19 - Runtime Control Plan" covering Status, Purpose, Scope.	Documentation/domains/runtime.md	Documentation/archive/old-v-waves/v19-runtime-control-plan.md	no	Completed wave material is historical and cannot remain as a primary section.	Content inspected by title, headings, and body read before classification; no deletion selected.
api	Documentation/waves/v2-legacy-session-containment.md	md	historical delivery wave report	historical_wave_report	archive_after_absorption	Documentation/domains/runtime.md	Inspected document "V2 - Legacy Session Containment" covering Status, Purpose, Scope.	Documentation/domains/runtime.md	Documentation/archive/old-v-waves/v2-legacy-session-containment.md	no	Completed wave material is historical and cannot remain as a primary section.	Content inspected by title, headings, and body read before classification; no deletion selected.
api	Documentation/waves/v20-sdk-runtime-surface-alignment.md	md	historical delivery wave report	historical_wave_report	archive_after_absorption	Documentation/domains/client.md; Documentation/domains/sdk.md	Inspected document "V20 - SDK Runtime Surface Alignment" covering Status, Purpose, Scope.	Documentation/domains/client.md; Documentation/domains/sdk.md	Documentation/archive/old-v-waves/v20-sdk-runtime-surface-alignment.md	no	Completed wave material is historical and cannot remain as a primary section.	Content inspected by title, headings, and body read before classification; no deletion selected.
api	Documentation/waves/v21-1-cli-legacy-source-extraction-map.md	md	historical delivery wave report	historical_wave_report	archive_after_absorption	Documentation/domains/client.md; Documentation/domains/sdk.md	Inspected document "V21.1 - CLI Legacy Source Extraction Map" covering Status, Purpose, Scope.	Documentation/domains/client.md; Documentation/domains/sdk.md	Documentation/archive/old-v-waves/v21-1-cli-legacy-source-extraction-map.md	no	Completed wave material is historical and cannot remain as a primary section.	Content inspected by title, headings, and body read before classification; no deletion selected.
api	Documentation/waves/v21-2-cli-legacy-source-quarantine.md	md	historical delivery wave report	historical_wave_report	archive_after_absorption	Documentation/domains/client.md; Documentation/domains/sdk.md	Inspected document "V21.2 - CLI Legacy Source Quarantine" covering Status, Purpose, Scope.	Documentation/domains/client.md; Documentation/domains/sdk.md	Documentation/archive/old-v-waves/v21-2-cli-legacy-source-quarantine.md	no	Completed wave material is historical and cannot remain as a primary section.	Content inspected by title, headings, and body read before classification; no deletion selected.
api	Documentation/waves/v21-3-runtime-core-logic-extraction.md	md	historical delivery wave report	historical_wave_report	archive_after_absorption	Documentation/domains/client.md; Documentation/domains/sdk.md	Inspected document "V21.3 - Runtime/Core Logic Extraction" covering Status, Purpose, Scope.	Documentation/domains/client.md; Documentation/domains/sdk.md	Documentation/archive/old-v-waves/v21-3-runtime-core-logic-extraction.md	no	Completed wave material is historical and cannot remain as a primary section.	Content inspected by title, headings, and body read before classification; no deletion selected.
api	Documentation/waves/v21-4-api-sdk-surface-extraction.md	md	historical delivery wave report	historical_wave_report	archive_after_absorption	Documentation/domains/client.md; Documentation/domains/sdk.md	Inspected document "V21.4 — API/SDK Surface Extraction" covering Status, Purpose, Scope.	Documentation/domains/client.md; Documentation/domains/sdk.md	Documentation/archive/old-v-waves/v21-4-api-sdk-surface-extraction.md	no	Completed wave material is historical and cannot remain as a primary section.	Content inspected by title, headings, and body read before classification; no deletion selected.
api	Documentation/waves/v21-5-legacy-source-deletion-pass.md	md	historical delivery wave report	historical_wave_report	archive_after_absorption	Documentation/domains/client.md; Documentation/domains/sdk.md	Inspected document "V21.5 - Legacy Source Deletion Pass" covering Status, Purpose, Scope.	Documentation/domains/client.md; Documentation/domains/sdk.md	Documentation/archive/old-v-waves/v21-5-legacy-source-deletion-pass.md	no	Completed wave material is historical and cannot remain as a primary section.	Content inspected by title, headings, and body read before classification; no deletion selected.
api	Documentation/waves/v21-6-cli-source-dependency-recreation-guardrail.md	md	historical delivery wave report	historical_wave_report	archive_after_absorption	Documentation/domains/client.md; Documentation/domains/sdk.md	Inspected document "V21.6 - CLI Source Dependency / Recreation Guardrail" covering Status, Purpose, Scope.	Documentation/domains/client.md; Documentation/domains/sdk.md	Documentation/archive/old-v-waves/v21-6-cli-source-dependency-recreation-guardrail.md	no	Completed wave material is historical and cannot remain as a primary section.	Content inspected by title, headings, and body read before classification; no deletion selected.
api	Documentation/waves/v21-7-residual-domain-source-deletion-pass.md	md	historical delivery wave report	historical_wave_report	archive_after_absorption	Documentation/domains/client.md; Documentation/domains/sdk.md	Inspected document "V21.7 - Residual Domain Source Deletion Pass" covering Status, Purpose, Scope.	Documentation/domains/client.md; Documentation/domains/sdk.md	Documentation/archive/old-v-waves/v21-7-residual-domain-source-deletion-pass.md	no	Completed wave material is historical and cannot remain as a primary section.	Content inspected by title, headings, and body read before classification; no deletion selected.
api	Documentation/waves/v21-8-legacy-entrypoint-makefile-source-removal.md	md	historical delivery wave report	historical_wave_report	archive_after_absorption	Documentation/domains/client.md; Documentation/domains/sdk.md	Inspected document "V21.8 - Legacy Entrypoint / Makefile Source Removal" covering Status, Purpose, Scope.	Documentation/domains/client.md; Documentation/domains/sdk.md	Documentation/archive/old-v-waves/v21-8-legacy-entrypoint-makefile-source-removal.md	no	Completed wave material is historical and cannot remain as a primary section.	Content inspected by title, headings, and body read before classification; no deletion selected.
api	Documentation/waves/v21-9-final-cli-source-removal-absence-guardrail.md	md	historical delivery wave report	historical_wave_report	archive_after_absorption	Documentation/domains/client.md; Documentation/domains/sdk.md	Inspected document "V21.9 - Final CLI Source Removal / Absence Guardrail" covering Status, Purpose, Scope.	Documentation/domains/client.md; Documentation/domains/sdk.md	Documentation/archive/old-v-waves/v21-9-final-cli-source-removal-absence-guardrail.md	no	Completed wave material is historical and cannot remain as a primary section.	Content inspected by title, headings, and body read before classification; no deletion selected.
api	Documentation/waves/v21-cli-sdk-first-wiring.md	md	historical delivery wave report	historical_wave_report	archive_after_absorption	Documentation/domains/client.md; Documentation/domains/sdk.md	Inspected document "V21 - CLI SDK-first Wiring" covering Status, Purpose, Scope.	Documentation/domains/client.md; Documentation/domains/sdk.md	Documentation/archive/old-v-waves/v21-cli-sdk-first-wiring.md	no	Completed wave material is historical and cannot remain as a primary section.	Content inspected by title, headings, and body read before classification; no deletion selected.
api	Documentation/waves/v22-loom-client-alignment.md	md	historical delivery wave report	historical_wave_report	archive_after_absorption	Documentation/domains/client.md; Documentation/domains/sdk.md	Inspected document "V22 — Loom Client Alignment" covering Status, Purpose, Scope.	Documentation/domains/client.md; Documentation/domains/sdk.md	Documentation/archive/old-v-waves/v22-loom-client-alignment.md	no	Completed wave material is historical and cannot remain as a primary section.	Content inspected by title, headings, and body read before classification; no deletion selected.
api	Documentation/waves/v23-vscode-client-alignment.md	md	historical delivery wave report	historical_wave_report	archive_after_absorption	Documentation/domains/client.md; Documentation/domains/sdk.md	Inspected document "V23 - VS Code Client Alignment" covering Status, Purpose, Scope.	Documentation/domains/client.md; Documentation/domains/sdk.md	Documentation/archive/old-v-waves/v23-vscode-client-alignment.md	no	Completed wave material is historical and cannot remain as a primary section.	Content inspected by title, headings, and body read before classification; no deletion selected.
api	Documentation/waves/v24-desktop-long-lived-client-alignment.md	md	historical delivery wave report	historical_wave_report	archive_after_absorption	Documentation/domains/client.md; Documentation/domains/sdk.md	Inspected document "V24 — Desktop / Long-Lived Client Alignment" covering Status, Purpose, Scope.	Documentation/domains/client.md; Documentation/domains/sdk.md	Documentation/archive/old-v-waves/v24-desktop-long-lived-client-alignment.md	no	Completed wave material is historical and cannot remain as a primary section.	Content inspected by title, headings, and body read before classification; no deletion selected.
api	Documentation/waves/v25-case-bound-jobs.md	md	historical delivery wave report	historical_wave_report	archive_after_absorption	Documentation/domains/execution.md	Inspected document "V25 — Case-bound Jobs" covering Status, Purpose, Scope.	Documentation/domains/execution.md	Documentation/archive/old-v-waves/v25-case-bound-jobs.md	no	Completed wave material is historical and cannot remain as a primary section.	Content inspected by title, headings, and body read before classification; no deletion selected.
api	Documentation/waves/v26-execution-lease-model.md	md	historical delivery wave report	historical_wave_report	archive_after_absorption	Documentation/domains/execution.md	Inspected document "V26 — Execution Lease Model" covering Status, Purpose, Scope.	Documentation/domains/execution.md	Documentation/archive/old-v-waves/v26-execution-lease-model.md	no	Completed wave material is historical and cannot remain as a primary section.	Content inspected by title, headings, and body read before classification; no deletion selected.
api	Documentation/waves/v27-detach-continuation-semantics.md	md	historical delivery wave report	historical_wave_report	archive_after_absorption	Documentation/domains/execution.md	Inspected document "V27 — Detach / Continuation Semantics" covering Status, Purpose, Scope.	Documentation/domains/execution.md	Documentation/archive/old-v-waves/v27-detach-continuation-semantics.md	no	Completed wave material is historical and cannot remain as a primary section.	Content inspected by title, headings, and body read before classification; no deletion selected.
api	Documentation/waves/v28-5-protocol-cutover-api-projection-filesystem.md	md	historical delivery wave report	historical_wave_report	archive_after_absorption	Documentation/archive/historical-manifest.md	Inspected document "V28.5 — Protocol Cutover / API Projection Filesystem Canonicalization" covering Status, Purpose, Scope.	Documentation/archive/historical-manifest.md	Documentation/archive/old-v-waves/v28-5-protocol-cutover-api-projection-filesystem.md	no	Completed wave material is historical and cannot remain as a primary section.	Content inspected by title, headings, and body read before classification; no deletion selected.
api	Documentation/waves/v28-6-protocol-cutover-closure-api-projection-reshape.md	md	historical delivery wave report	historical_wave_report	archive_after_absorption	Documentation/archive/historical-manifest.md	Inspected document "V28.6 — Protocol Cutover Closure / Specs Rename & API Projection Reshape" covering Status, Purpose, Scope.	Documentation/archive/historical-manifest.md	Documentation/archive/old-v-waves/v28-6-protocol-cutover-closure-api-projection-reshape.md	no	Completed wave material is historical and cannot remain as a primary section.	Content inspected by title, headings, and body read before classification; no deletion selected.
api	Documentation/waves/v28-logout-seal-policy.md	md	historical delivery wave report	historical_wave_report	archive_after_absorption	Documentation/archive/historical-manifest.md	Inspected document "V28 — Logout / Seal Policy" covering Status, Purpose, Scope.	Documentation/archive/historical-manifest.md	Documentation/archive/old-v-waves/v28-logout-seal-policy.md	no	Completed wave material is historical and cannot remain as a primary section.	Content inspected by title, headings, and body read before classification; no deletion selected.
api	Documentation/waves/v29-case-evidence-binding.md	md	historical delivery wave report	historical_wave_report	archive_after_absorption	Documentation/domains/execution.md	Inspected document "V29 — Case Evidence Binding" covering Status, Purpose, Scope.	Documentation/domains/execution.md	Documentation/archive/old-v-waves/v29-case-evidence-binding.md	no	Completed wave material is historical and cannot remain as a primary section.	Content inspected by title, headings, and body read before classification; no deletion selected.
api	Documentation/waves/v3-auth-command-model.md	md	historical delivery wave report	historical_wave_report	archive_after_absorption	Documentation/domains/identity.md; Documentation/domains/runtime.md	Inspected document "V3 - Auth Command Model" covering Status, Purpose, Scope.	Documentation/domains/identity.md; Documentation/domains/runtime.md	Documentation/archive/old-v-waves/v3-auth-command-model.md	no	Completed wave material is historical and cannot remain as a primary section.	Content inspected by title, headings, and body read before classification; no deletion selected.
api	Documentation/waves/v30-knowledge-binding.md	md	historical delivery wave report	historical_wave_report	archive_after_absorption	Documentation/domains/execution.md	Inspected document "V30 — Knowledge Binding" covering Status, Purpose, Scope.	Documentation/domains/execution.md	Documentation/archive/old-v-waves/v30-knowledge-binding.md	no	Completed wave material is historical and cannot remain as a primary section.	Content inspected by title, headings, and body read before classification; no deletion selected.
api	Documentation/waves/v31-provider-authority-binding.md	md	historical delivery wave report	historical_wave_report	archive_after_absorption	Documentation/domains/execution.md	Inspected document "V31 — Provider Authority Binding" covering Status, Purpose, Scope.	Documentation/domains/execution.md	Documentation/archive/old-v-waves/v31-provider-authority-binding.md	no	Completed wave material is historical and cannot remain as a primary section.	Content inspected by title, headings, and body read before classification; no deletion selected.
api	Documentation/waves/v32-agent-authority-binding.md	md	historical delivery wave report	historical_wave_report	archive_after_absorption	Documentation/domains/execution.md	Inspected document "V32 — Agent Authority Binding" covering Status, Purpose, Scope.	Documentation/domains/execution.md	Documentation/archive/old-v-waves/v32-agent-authority-binding.md	no	Completed wave material is historical and cannot remain as a primary section.	Content inspected by title, headings, and body read before classification; no deletion selected.
api	Documentation/waves/v33-flow-binding.md	md	historical delivery wave report	historical_wave_report	archive_after_absorption	Documentation/domains/execution.md	Inspected document "V33 — Flow Binding" covering Status, Purpose, Scope.	Documentation/domains/execution.md	Documentation/archive/old-v-waves/v33-flow-binding.md	no	Completed wave material is historical and cannot remain as a primary section.	Content inspected by title, headings, and body read before classification; no deletion selected.
api	Documentation/waves/v34-analytics-binding.md	md	historical delivery wave report	historical_wave_report	archive_after_absorption	Documentation/domains/execution.md	Inspected document "V34 — Analytics Binding" covering Status, Purpose, Scope.	Documentation/domains/execution.md	Documentation/archive/old-v-waves/v34-analytics-binding.md	no	Completed wave material is historical and cannot remain as a primary section.	Content inspected by title, headings, and body read before classification; no deletion selected.
api	Documentation/waves/v35-runtime-gate-registry.md	md	historical delivery wave report	historical_wave_report	archive_after_absorption	Documentation/domains/execution.md	Inspected document "V35 — Runtime Gate Registry" covering Status, Purpose, Scope.	Documentation/domains/execution.md	Documentation/archive/old-v-waves/v35-runtime-gate-registry.md	no	Completed wave material is historical and cannot remain as a primary section.	Content inspected by title, headings, and body read before classification; no deletion selected.
api	Documentation/waves/v36-case-job-flow-limit-boundary.md	md	historical delivery wave report	historical_wave_report	archive_after_absorption	Documentation/domains/execution.md	Inspected document "V36 — Case / Job / Flow Limit Boundary" covering Status, Purpose, Scope.	Documentation/domains/execution.md	Documentation/archive/old-v-waves/v36-case-job-flow-limit-boundary.md	no	Completed wave material is historical and cannot remain as a primary section.	Content inspected by title, headings, and body read before classification; no deletion selected.
api	Documentation/waves/v37-local-model-provider-access-boundary.md	md	historical delivery wave report	historical_wave_report	archive_after_absorption	Documentation/domains/execution.md	Inspected document "V37 — Local Model / Provider Access Boundary" covering Status, Purpose, Scope.	Documentation/domains/execution.md	Documentation/archive/old-v-waves/v37-local-model-provider-access-boundary.md	no	Completed wave material is historical and cannot remain as a primary section.	Content inspected by title, headings, and body read before classification; no deletion selected.
api	Documentation/waves/v38-cloud-compute-boundary.md	md	historical delivery wave report	historical_wave_report	archive_after_absorption	Documentation/domains/execution.md	Inspected document "V38 — Cloud Compute Boundary" covering Status, Purpose, Scope.	Documentation/domains/execution.md	Documentation/archive/old-v-waves/v38-cloud-compute-boundary.md	no	Completed wave material is historical and cannot remain as a primary section.	Content inspected by title, headings, and body read before classification; no deletion selected.
api	Documentation/waves/v39-local-machine-identity-store.md	md	historical delivery wave report	historical_wave_report	archive_after_absorption	Documentation/domains/identity.md; Documentation/domains/runtime.md	Inspected document "V39 — Local Machine Identity Store" covering Status, Purpose, Scope.	Documentation/domains/identity.md; Documentation/domains/runtime.md	Documentation/archive/old-v-waves/v39-local-machine-identity-store.md	no	Completed wave material is historical and cannot remain as a primary section.	Content inspected by title, headings, and body read before classification; no deletion selected.
api	Documentation/waves/v4-local-dev-auth.md	md	historical delivery wave report	historical_wave_report	archive_after_absorption	Documentation/domains/identity.md; Documentation/domains/runtime.md	Inspected document "V4 - Local Dev Auth" covering Status, Purpose, Scope.	Documentation/domains/identity.md; Documentation/domains/runtime.md	Documentation/archive/old-v-waves/v4-local-dev-auth.md	no	Completed wave material is historical and cannot remain as a primary section.	Content inspected by title, headings, and body read before classification; no deletion selected.
api	Documentation/waves/v40-machine-fingerprint-evidence-builder.md	md	historical delivery wave report	historical_wave_report	archive_after_absorption	Documentation/domains/identity.md; Documentation/domains/runtime.md	Inspected document "V40 — Machine Fingerprint Evidence Builder" covering Status, Purpose, Scope.	Documentation/domains/identity.md; Documentation/domains/runtime.md	Documentation/archive/old-v-waves/v40-machine-fingerprint-evidence-builder.md	no	Completed wave material is historical and cannot remain as a primary section.	Content inspected by title, headings, and body read before classification; no deletion selected.
api	Documentation/waves/v41-machine-enrollment-client-flow.md	md	historical delivery wave report	historical_wave_report	archive_after_absorption	Documentation/domains/identity.md; Documentation/domains/runtime.md	Inspected document "V41 — Machine Enrollment Client Flow" covering Status, Purpose, Scope.	Documentation/domains/identity.md; Documentation/domains/runtime.md	Documentation/archive/old-v-waves/v41-machine-enrollment-client-flow.md	no	Completed wave material is historical and cannot remain as a primary section.	Content inspected by title, headings, and body read before classification; no deletion selected.
api	Documentation/waves/v42-machine-authorization-consumption.md	md	historical delivery wave report	historical_wave_report	archive_after_absorption	Documentation/domains/identity.md; Documentation/domains/runtime.md	Inspected document "V42 — Machine Authorization Consumption" covering Status, Purpose, Scope.	Documentation/domains/identity.md; Documentation/domains/runtime.md	Documentation/archive/old-v-waves/v42-machine-authorization-consumption.md	no	Completed wave material is historical and cannot remain as a primary section.	Content inspected by title, headings, and body read before classification; no deletion selected.
api	Documentation/waves/v43-license-lease-consumption.md	md	historical delivery wave report	historical_wave_report	archive_after_absorption	Documentation/domains/identity.md; Documentation/domains/runtime.md	Inspected document "V43 — License Lease Consumption" covering Status, Purpose, Scope.	Documentation/domains/identity.md; Documentation/domains/runtime.md	Documentation/archive/old-v-waves/v43-license-lease-consumption.md	no	Completed wave material is historical and cannot remain as a primary section.	Content inspected by title, headings, and body read before classification; no deletion selected.
api	Documentation/waves/v44-local-lease-cache-reboot-continuity.md	md	historical delivery wave report	historical_wave_report	archive_after_absorption	Documentation/domains/identity.md; Documentation/domains/runtime.md	Inspected document "V44 — Local Lease Cache / Reboot Continuity" covering Status, Purpose, Scope.	Documentation/domains/identity.md; Documentation/domains/runtime.md	Documentation/archive/old-v-waves/v44-local-lease-cache-reboot-continuity.md	no	Completed wave material is historical and cannot remain as a primary section.	Content inspected by title, headings, and body read before classification; no deletion selected.
api	Documentation/waves/v45-account-scoped-limit-reconciliation.md	md	historical delivery wave report	historical_wave_report	archive_after_absorption	Documentation/domains/identity.md; Documentation/domains/runtime.md	Inspected document "V45 — Account-Scoped Limit Reconciliation" covering Status, Purpose, Scope.	Documentation/domains/identity.md; Documentation/domains/runtime.md	Documentation/archive/old-v-waves/v45-account-scoped-limit-reconciliation.md	no	Completed wave material is historical and cannot remain as a primary section.	Content inspected by title, headings, and body read before classification; no deletion selected.
api	Documentation/waves/v46-runtime-license-check-request.md	md	historical delivery wave report	historical_wave_report	archive_after_absorption	Documentation/domains/identity.md; Documentation/domains/runtime.md	Inspected document "V46 — Runtime License Check Request" covering Status, Purpose, Scope.	Documentation/domains/identity.md; Documentation/domains/runtime.md	Documentation/archive/old-v-waves/v46-runtime-license-check-request.md	no	Completed wave material is historical and cannot remain as a primary section.	Content inspected by title, headings, and body read before classification; no deletion selected.
api	Documentation/waves/v47-runtime-license-check-response.md	md	historical delivery wave report	historical_wave_report	archive_after_absorption	Documentation/domains/identity.md; Documentation/domains/runtime.md	Inspected document "V47 — Runtime License Check Response" covering Status, Purpose, Scope.	Documentation/domains/identity.md; Documentation/domains/runtime.md	Documentation/archive/old-v-waves/v47-runtime-license-check-response.md	no	Completed wave material is historical and cannot remain as a primary section.	Content inspected by title, headings, and body read before classification; no deletion selected.
api	Documentation/waves/v48-runtime-sealed-by-license-behavior.md	md	historical delivery wave report	historical_wave_report	archive_after_absorption	Documentation/domains/identity.md; Documentation/domains/runtime.md	Inspected document "V48 — Runtime Sealed-by-License Behavior" covering Status, Purpose, Scope.	Documentation/domains/identity.md; Documentation/domains/runtime.md	Documentation/archive/old-v-waves/v48-runtime-sealed-by-license-behavior.md	no	Completed wave material is historical and cannot remain as a primary section.	Content inspected by title, headings, and body read before classification; no deletion selected.
api	Documentation/waves/v49-offline-grace-stale-lease-behavior.md	md	historical delivery wave report	historical_wave_report	archive_after_absorption	Documentation/domains/identity.md; Documentation/domains/runtime.md	Inspected document "V49 — Offline Grace / Stale Lease Behavior" covering Status, Purpose, Scope.	Documentation/domains/identity.md; Documentation/domains/runtime.md	Documentation/archive/old-v-waves/v49-offline-grace-stale-lease-behavior.md	no	Completed wave material is historical and cannot remain as a primary section.	Content inspected by title, headings, and body read before classification; no deletion selected.
api	Documentation/waves/v5-principal-model.md	md	historical delivery wave report	historical_wave_report	archive_after_absorption	Documentation/domains/identity.md; Documentation/domains/runtime.md	Inspected document "V5 - Principal Model" covering Status, Purpose, Scope.	Documentation/domains/identity.md; Documentation/domains/runtime.md	Documentation/archive/old-v-waves/v5-principal-model.md	no	Completed wave material is historical and cannot remain as a primary section.	Content inspected by title, headings, and body read before classification; no deletion selected.
api	Documentation/waves/v50-10-command-system-refactor-readiness.md	md	historical delivery wave report	historical_wave_report	archive_after_absorption	Documentation/operations/operation-registry.md; Documentation/operations/command-projection-model.md	Inspected document "V50.10 — Command System Refactor Readiness" covering Status, Purpose, Scope.	Documentation/operations/operation-registry.md; Documentation/operations/command-projection-model.md	Documentation/archive/old-v-waves/v50-10-command-system-refactor-readiness.md	no	Completed wave material is historical and cannot remain as a primary section.	Content inspected by title, headings, and body read before classification; no deletion selected.
api	Documentation/waves/v50-5-canonical-cli-command-surface-audit.md	md	historical delivery wave report	historical_wave_report	archive_after_absorption	Documentation/operations/operation-registry.md; Documentation/operations/command-projection-model.md	Inspected document "V50.5 — Canonical CLI Command Surface Audit" covering Status, Purpose, Scope.	Documentation/operations/operation-registry.md; Documentation/operations/command-projection-model.md	Documentation/archive/old-v-waves/v50-5-canonical-cli-command-surface-audit.md	no	Completed wave material is historical and cannot remain as a primary section.	Content inspected by title, headings, and body read before classification; no deletion selected.
api	Documentation/waves/v50-6-canonical-yai-command-system.md	md	historical delivery wave report	historical_wave_report	archive_after_absorption	Documentation/operations/operation-registry.md; Documentation/operations/command-projection-model.md	Inspected document "V50.6 — Canonical YAI Command System" covering Status, Purpose, Scope.	Documentation/operations/operation-registry.md; Documentation/operations/command-projection-model.md	Documentation/archive/old-v-waves/v50-6-canonical-yai-command-system.md	no	Completed wave material is historical and cannot remain as a primary section.	Content inspected by title, headings, and body read before classification; no deletion selected.
api	Documentation/waves/v50-7-cli-tui-command-projection-contract.md	md	historical delivery wave report	historical_wave_report	archive_after_absorption	Documentation/operations/operation-registry.md; Documentation/operations/command-projection-model.md	Inspected document "V50.7 — CLI / TUI Command Projection Contract" covering Status, Purpose, Scope.	Documentation/operations/operation-registry.md; Documentation/operations/command-projection-model.md	Documentation/archive/old-v-waves/v50-7-cli-tui-command-projection-contract.md	no	Completed wave material is historical and cannot remain as a primary section.	Content inspected by title, headings, and body read before classification; no deletion selected.
api	Documentation/waves/v50-8-capability-command-recovery.md	md	historical delivery wave report	historical_wave_report	archive_after_absorption	Documentation/operations/operation-registry.md; Documentation/operations/command-projection-model.md	Inspected document "V50.8 — Capability Command Recovery / Backend Surface Rehydration" covering Status, Purpose, Scope.	Documentation/operations/operation-registry.md; Documentation/operations/command-projection-model.md	Documentation/archive/old-v-waves/v50-8-capability-command-recovery.md	no	Completed wave material is historical and cannot remain as a primary section.	Content inspected by title, headings, and body read before classification; no deletion selected.
api	Documentation/waves/v50-9-canonical-action-descriptor-registry-seed.md	md	historical delivery wave report	historical_wave_report	archive_after_absorption	Documentation/operations/operation-registry.md; Documentation/operations/command-projection-model.md	Inspected document "V50.9 — Canonical Action Descriptor Registry Seed" covering Status, Purpose, Scope.	Documentation/operations/operation-registry.md; Documentation/operations/command-projection-model.md	Documentation/archive/old-v-waves/v50-9-canonical-action-descriptor-registry-seed.md	no	Completed wave material is historical and cannot remain as a primary section.	Content inspected by title, headings, and body read before classification; no deletion selected.
api	Documentation/waves/v50-logout-revocation-lease-invalidation.md	md	historical delivery wave report	historical_wave_report	archive_after_absorption	Documentation/domains/identity.md; Documentation/domains/runtime.md	Inspected document "V50 — Logout / Revocation / Lease Invalidation" covering Status, Purpose, Scope.	Documentation/domains/identity.md; Documentation/domains/runtime.md	Documentation/archive/old-v-waves/v50-logout-revocation-lease-invalidation.md	no	Completed wave material is historical and cannot remain as a primary section.	Content inspected by title, headings, and body read before classification; no deletion selected.
api	Documentation/waves/v51-api-registry-refactor.md	md	historical delivery wave report	historical_wave_report	archive_after_absorption	Documentation/operations/operation-registry.md; Documentation/operations/command-projection-model.md	Inspected document "V51 — API Registry Refactor" covering Status, Scope, Files Changed.	Documentation/operations/operation-registry.md; Documentation/operations/command-projection-model.md	Documentation/archive/old-v-waves/v51-api-registry-refactor.md	no	Completed wave material is historical and cannot remain as a primary section.	Content inspected by title, headings, and body read before classification; no deletion selected.
api	Documentation/waves/v52-api-case-expansion.md	md	historical delivery wave report	historical_wave_report	archive_after_absorption	Documentation/domains/case.md	Inspected document "V52 — API Case Expansion" covering Status, Scope, Files Changed.	Documentation/domains/case.md	Documentation/archive/old-v-waves/v52-api-case-expansion.md	no	Completed wave material is historical and cannot remain as a primary section.	Content inspected by title, headings, and body read before classification; no deletion selected.
api	Documentation/waves/v53-api-auth-surfaces.md	md	historical delivery wave report	historical_wave_report	archive_after_absorption	Documentation/domains/identity.md; Documentation/domains/runtime.md	Inspected document "V53 — API Auth Surfaces" covering Status, Scope, Files Changed.	Documentation/domains/identity.md; Documentation/domains/runtime.md	Documentation/archive/old-v-waves/v53-api-auth-surfaces.md	no	Completed wave material is historical and cannot remain as a primary section.	Content inspected by title, headings, and body read before classification; no deletion selected.
api	Documentation/waves/v54-api-operator-context-surfaces.md	md	historical delivery wave report	historical_wave_report	archive_after_absorption	Documentation/domains/operator.md	Inspected document "V54 — API Operator Context Surfaces" covering Status, Scope, Files Changed.	Documentation/domains/operator.md	Documentation/archive/old-v-waves/v54-api-operator-context-surfaces.md	no	Completed wave material is historical and cannot remain as a primary section.	Content inspected by title, headings, and body read before classification; no deletion selected.
api	Documentation/waves/v6-root-user-case.md	md	historical delivery wave report	historical_wave_report	archive_after_absorption	Documentation/domains/case.md	Inspected document "V6 - Root User Case" covering Status, Purpose, Scope.	Documentation/domains/case.md	Documentation/archive/old-v-waves/v6-root-user-case.md	no	Completed wave material is historical and cannot remain as a primary section.	Content inspected by title, headings, and body read before classification; no deletion selected.
api	Documentation/waves/v7-case-uri-model.md	md	historical delivery wave report	historical_wave_report	archive_after_absorption	Documentation/domains/case.md	Inspected document "V7 - Case URI Model" covering Status, Purpose, Scope.	Documentation/domains/case.md	Documentation/archive/old-v-waves/v7-case-uri-model.md	no	Completed wave material is historical and cannot remain as a primary section.	Content inspected by title, headings, and body read before classification; no deletion selected.
api	Documentation/waves/v8-case-tree-model.md	md	historical delivery wave report	historical_wave_report	archive_after_absorption	Documentation/domains/case.md	Inspected document "V8 - Case Tree Model" covering Status, Purpose, Scope.	Documentation/domains/case.md	Documentation/archive/old-v-waves/v8-case-tree-model.md	no	Completed wave material is historical and cannot remain as a primary section.	Content inspected by title, headings, and body read before classification; no deletion selected.
api	Documentation/waves/v9-case-commands.md	md	historical delivery wave report	historical_wave_report	archive_after_absorption	Documentation/domains/case.md	Inspected document "V9 - Case Commands" covering Status, Purpose, Scope.	Documentation/domains/case.md	Documentation/archive/old-v-waves/v9-case-commands.md	no	Completed wave material is historical and cannot remain as a primary section.	Content inspected by title, headings, and body read before classification; no deletion selected.
api	Documentation/refoundation-phase-2a-api-contract-reconciliation-audit.md	md	historical refoundation planning or audit material	refoundation_historical_material	archive_after_absorption	Documentation/archive/refoundation/	Inspected document "Refoundation Phase 2A — API Contract Reconciliation Audit" covering 1. Executive verdict, 2. API grammar alignment, 3. Runtime readiness alignment table (API vs YAI).	Documentation/archive/refoundation/	Documentation/archive/refoundation/refoundation-phase-2a-api-contract-reconciliation-audit.md	no	Refoundation history is useful but not part of the primary API reading path.	Content inspected by title, headings, and body read before classification; no deletion selected.
api	Documentation/refoundation-phase-2b-api-registry-canonicalization-patch.md	md	historical refoundation planning or audit material	refoundation_historical_material	archive_after_absorption	Documentation/archive/refoundation/	Inspected document "Refoundation Phase 2B — API Registry Canonicalization Patch" covering Scope, Registry changes, Conformance checks added.	Documentation/archive/refoundation/	Documentation/archive/refoundation/refoundation-phase-2b-api-registry-canonicalization-patch.md	no	Refoundation history is useful but not part of the primary API reading path.	Content inspected by title, headings, and body read before classification; no deletion selected.
api	Documentation/refoundation-phase-2c-prompting-canonical-surface-plan.md	md	historical refoundation planning or audit material	refoundation_historical_material	archive_after_absorption	Documentation/archive/refoundation/	Inspected document "Refoundation Phase 2C — Prompting Canonical Surface Plan" covering Scope, What changed, Current canonical prompting posture.	Documentation/archive/refoundation/	Documentation/archive/refoundation/refoundation-phase-2c-prompting-canonical-surface-plan.md	no	Refoundation history is useful but not part of the primary API reading path.	Content inspected by title, headings, and body read before classification; no deletion selected.
api	NEW:DOCS.2	md	canonical API conformance documentation	canonical_conformance_doc	create_canonical_target	Documentation/conformance/README.md	Created during DOCS.2 as canonical API conformance documentation.	Documentation/conformance/README.md		no	Required by frozen DOCS.2 target tree or reset evidence output.	Generated after audited absorption; no deletion involved.
api	NEW:DOCS.2	md	canonical API conformance documentation	canonical_conformance_doc	create_canonical_target	Documentation/conformance/check-index.md	Created during DOCS.2 as canonical API conformance documentation.	Documentation/conformance/check-index.md		no	Required by frozen DOCS.2 target tree or reset evidence output.	Generated after audited absorption; no deletion involved.
api	NEW:DOCS.2	md	canonical API conformance documentation	canonical_conformance_doc	create_canonical_target	Documentation/conformance/conformance-policy.md	Created during DOCS.2 as canonical API conformance documentation.	Documentation/conformance/conformance-policy.md		no	Required by frozen DOCS.2 target tree or reset evidence output.	Generated after audited absorption; no deletion involved.
api	NEW:DOCS.2	md	canonical API conformance documentation	canonical_conformance_doc	create_canonical_target	Documentation/conformance/implementation-readiness.md	Created during DOCS.2 as canonical API conformance documentation.	Documentation/conformance/implementation-readiness.md		no	Required by frozen DOCS.2 target tree or reset evidence output.	Generated after audited absorption; no deletion involved.
api	NEW:DOCS.2	md	canonical API conformance documentation	canonical_conformance_doc	create_canonical_target	Documentation/conformance/release-policy.md	Created during DOCS.2 as canonical API conformance documentation.	Documentation/conformance/release-policy.md		no	Required by frozen DOCS.2 target tree or reset evidence output.	Generated after audited absorption; no deletion involved.
api	NEW:DOCS.2	md	canonical API conformance documentation	canonical_conformance_doc	create_canonical_target	Documentation/conformance/versioning-and-compatibility.md	Created during DOCS.2 as canonical API conformance documentation.	Documentation/conformance/versioning-and-compatibility.md		no	Required by frozen DOCS.2 target tree or reset evidence output.	Generated after audited absorption; no deletion involved.
api	NEW:DOCS.2	md	canonical API decision documentation	canonical_decision_doc	create_canonical_target	Documentation/decisions/README.md	Created during DOCS.2 as canonical API decision documentation.	Documentation/decisions/README.md		no	Required by frozen DOCS.2 target tree or reset evidence output.	Generated after audited absorption; no deletion involved.
api	NEW:DOCS.2	md	canonical API decision documentation	canonical_decision_doc	create_canonical_target	Documentation/decisions/active-decisions.md	Created during DOCS.2 as canonical API decision documentation.	Documentation/decisions/active-decisions.md		no	Required by frozen DOCS.2 target tree or reset evidence output.	Generated after audited absorption; no deletion involved.
api	NEW:DOCS.2	md	canonical API decision documentation	canonical_decision_doc	create_canonical_target	Documentation/decisions/adr-index.md	Created during DOCS.2 as canonical API decision documentation.	Documentation/decisions/adr-index.md		no	Required by frozen DOCS.2 target tree or reset evidence output.	Generated after audited absorption; no deletion involved.
api	NEW:DOCS.2	md	canonical API domain projection documentation	canonical_domain_doc	create_canonical_target	Documentation/domains/README.md	Created during DOCS.2 as canonical API domain projection documentation.	Documentation/domains/README.md		no	Required by frozen DOCS.2 target tree or reset evidence output.	Generated after audited absorption; no deletion involved.
api	NEW:DOCS.2	md	canonical API domain projection documentation	canonical_domain_doc	create_canonical_target	Documentation/domains/case.md	Created during DOCS.2 as canonical API domain projection documentation.	Documentation/domains/case.md		no	Required by frozen DOCS.2 target tree or reset evidence output.	Generated after audited absorption; no deletion involved.
api	NEW:DOCS.2	md	canonical API domain projection documentation	canonical_domain_doc	create_canonical_target	Documentation/domains/client.md	Created during DOCS.2 as canonical API domain projection documentation.	Documentation/domains/client.md		no	Required by frozen DOCS.2 target tree or reset evidence output.	Generated after audited absorption; no deletion involved.
api	NEW:DOCS.2	md	canonical API domain projection documentation	canonical_domain_doc	create_canonical_target	Documentation/domains/execution.md	Created during DOCS.2 as canonical API domain projection documentation.	Documentation/domains/execution.md		no	Required by frozen DOCS.2 target tree or reset evidence output.	Generated after audited absorption; no deletion involved.
api	NEW:DOCS.2	md	canonical API domain projection documentation	canonical_domain_doc	create_canonical_target	Documentation/domains/identity.md	Created during DOCS.2 as canonical API domain projection documentation.	Documentation/domains/identity.md		no	Required by frozen DOCS.2 target tree or reset evidence output.	Generated after audited absorption; no deletion involved.
api	NEW:DOCS.2	md	canonical API domain projection documentation	canonical_domain_doc	create_canonical_target	Documentation/domains/operator.md	Created during DOCS.2 as canonical API domain projection documentation.	Documentation/domains/operator.md		no	Required by frozen DOCS.2 target tree or reset evidence output.	Generated after audited absorption; no deletion involved.
api	NEW:DOCS.2	md	canonical API domain projection documentation	canonical_domain_doc	create_canonical_target	Documentation/domains/runtime.md	Created during DOCS.2 as canonical API domain projection documentation.	Documentation/domains/runtime.md		no	Required by frozen DOCS.2 target tree or reset evidence output.	Generated after audited absorption; no deletion involved.
api	NEW:DOCS.2	md	canonical API domain projection documentation	canonical_domain_doc	create_canonical_target	Documentation/domains/sdk.md	Created during DOCS.2 as canonical API domain projection documentation.	Documentation/domains/sdk.md		no	Required by frozen DOCS.2 target tree or reset evidence output.	Generated after audited absorption; no deletion involved.
api	NEW:DOCS.2	md	canonical API envelope documentation	canonical_envelope_doc	create_canonical_target	Documentation/envelopes/README.md	Created during DOCS.2 as canonical API envelope documentation.	Documentation/envelopes/README.md		no	Required by frozen DOCS.2 target tree or reset evidence output.	Generated after audited absorption; no deletion involved.
api	NEW:DOCS.2	md	canonical API envelope documentation	canonical_envelope_doc	create_canonical_target	Documentation/envelopes/readiness-envelope.md	Created during DOCS.2 as canonical API envelope documentation.	Documentation/envelopes/readiness-envelope.md		no	Required by frozen DOCS.2 target tree or reset evidence output.	Generated after audited absorption; no deletion involved.
api	NEW:DOCS.2	md	canonical API envelope documentation	canonical_envelope_doc	create_canonical_target	Documentation/envelopes/request-envelope.md	Created during DOCS.2 as canonical API envelope documentation.	Documentation/envelopes/request-envelope.md		no	Required by frozen DOCS.2 target tree or reset evidence output.	Generated after audited absorption; no deletion involved.
api	NEW:DOCS.2	md	canonical API envelope documentation	canonical_envelope_doc	create_canonical_target	Documentation/envelopes/request-response-model.md	Created during DOCS.2 as canonical API envelope documentation.	Documentation/envelopes/request-response-model.md		no	Required by frozen DOCS.2 target tree or reset evidence output.	Generated after audited absorption; no deletion involved.
api	NEW:DOCS.2	md	canonical API envelope documentation	canonical_envelope_doc	create_canonical_target	Documentation/envelopes/response-envelope.md	Created during DOCS.2 as canonical API envelope documentation.	Documentation/envelopes/response-envelope.md		no	Required by frozen DOCS.2 target tree or reset evidence output.	Generated after audited absorption; no deletion involved.
api	NEW:DOCS.2	md	canonical API envelope documentation	canonical_envelope_doc	create_canonical_target	Documentation/envelopes/stream-frame-model.md	Created during DOCS.2 as canonical API envelope documentation.	Documentation/envelopes/stream-frame-model.md		no	Required by frozen DOCS.2 target tree or reset evidence output.	Generated after audited absorption; no deletion involved.
api	NEW:DOCS.2	md	canonical API error documentation	canonical_error_doc	create_canonical_target	Documentation/errors/README.md	Created during DOCS.2 as canonical API error documentation.	Documentation/errors/README.md		no	Required by frozen DOCS.2 target tree or reset evidence output.	Generated after audited absorption; no deletion involved.
api	NEW:DOCS.2	md	canonical API error documentation	canonical_error_doc	create_canonical_target	Documentation/errors/error-code-registry.md	Created during DOCS.2 as canonical API error documentation.	Documentation/errors/error-code-registry.md		no	Required by frozen DOCS.2 target tree or reset evidence output.	Generated after audited absorption; no deletion involved.
api	NEW:DOCS.2	md	canonical API error documentation	canonical_error_doc	create_canonical_target	Documentation/errors/error-model.md	Created during DOCS.2 as canonical API error documentation.	Documentation/errors/error-model.md		no	Required by frozen DOCS.2 target tree or reset evidence output.	Generated after audited absorption; no deletion involved.
api	NEW:DOCS.2	md	canonical API error documentation	canonical_error_doc	create_canonical_target	Documentation/errors/http-status-map.md	Created during DOCS.2 as canonical API error documentation.	Documentation/errors/http-status-map.md		no	Required by frozen DOCS.2 target tree or reset evidence output.	Generated after audited absorption; no deletion involved.
api	NEW:DOCS.2	md	canonical API error documentation	canonical_error_doc	create_canonical_target	Documentation/errors/transport-error-mapping.md	Created during DOCS.2 as canonical API error documentation.	Documentation/errors/transport-error-mapping.md		no	Required by frozen DOCS.2 target tree or reset evidence output.	Generated after audited absorption; no deletion involved.
api	NEW:DOCS.2	md	DOCS.2 reset evidence	internal_reset_artifact	create_canonical_target	Documentation/internal/README.md	Created during DOCS.2 as DOCS.2 reset evidence.	Documentation/internal/README.md		no	Required by frozen DOCS.2 target tree or reset evidence output.	Generated after audited absorption; no deletion involved.
api	Documentation/api-leakage-audit.md	md	audit material used by current reset planning	current_audit_material	archive_after_absorption	Documentation/internal/internal-manifest.md	Inspected document "API Leakage Audit (Wave 14C3)" covering Classification, Checks, Note.	Documentation/internal/internal-manifest.md	Documentation/internal/current-audits/api-leakage-audit.md	no	Audit material remains internal and manifested, not primary.	Content inspected by title, headings, and body read before classification; no deletion selected.
api	Documentation/internal/docs-reset-before-file-list.txt	txt	DOCS.2 reset inventory artifact	internal_reset_artifact	retain_or_rewrite_reset_artifact	Documentation/internal/docs-reset-before-file-list.txt	Inspected document "Documentation/CLIENT_INTEGRATION.md".	Documentation/internal/docs-reset-before-file-list.txt		no	Required reset output retained in internal.	Content inspected by title, headings, and body read before classification; no deletion selected.
api	Documentation/internal/docs-reset-before-tree.txt	txt	DOCS.2 reset inventory artifact	internal_reset_artifact	retain_or_rewrite_reset_artifact	Documentation/internal/docs-reset-before-tree.txt	Inspected document "Documentation".	Documentation/internal/docs-reset-before-tree.txt		no	Required reset output retained in internal.	Content inspected by title, headings, and body read before classification; no deletion selected.
api	Documentation/internal/docs-reset-classification-api.tsv	tsv	DOCS.2 reset inventory artifact	internal_reset_artifact	retain_or_rewrite_reset_artifact	Documentation/internal/docs-reset-classification-api.tsv	Inspected document "repo old_path file_type current_role classification proposed_action target_path ".	Documentation/internal/docs-reset-classification-api.tsv		no	Required reset output retained in internal.	Content inspected by title, headings, and body read before classification; no deletion selected.
api	NEW:DOCS.2	md	DOCS.2 reset evidence	internal_reset_artifact	create_canonical_target	Documentation/internal/internal-manifest.md	Created during DOCS.2 as DOCS.2 reset evidence.	Documentation/internal/internal-manifest.md		no	Required by frozen DOCS.2 target tree or reset evidence output.	Generated after audited absorption; no deletion involved.
api	NEW:DOCS.2	md	canonical API operations documentation	canonical_operations_doc	create_canonical_target	Documentation/operations/README.md	Created during DOCS.2 as canonical API operations documentation.	Documentation/operations/README.md		no	Required by frozen DOCS.2 target tree or reset evidence output.	Generated after audited absorption; no deletion involved.
api	NEW:DOCS.2	md	canonical API operations documentation	canonical_operations_doc	create_canonical_target	Documentation/operations/action-descriptor-model.md	Created during DOCS.2 as canonical API operations documentation.	Documentation/operations/action-descriptor-model.md		no	Required by frozen DOCS.2 target tree or reset evidence output.	Generated after audited absorption; no deletion involved.
api	NEW:DOCS.2	md	canonical API operations documentation	canonical_operations_doc	create_canonical_target	Documentation/operations/command-projection-model.md	Created during DOCS.2 as canonical API operations documentation.	Documentation/operations/command-projection-model.md		no	Required by frozen DOCS.2 target tree or reset evidence output.	Generated after audited absorption; no deletion involved.
api	NEW:DOCS.2	md	canonical API operations documentation	canonical_operations_doc	create_canonical_target	Documentation/operations/operation-grammar.md	Created during DOCS.2 as canonical API operations documentation.	Documentation/operations/operation-grammar.md		no	Required by frozen DOCS.2 target tree or reset evidence output.	Generated after audited absorption; no deletion involved.
api	NEW:DOCS.2	md	canonical API operations documentation	canonical_operations_doc	create_canonical_target	Documentation/operations/operation-registry.md	Created during DOCS.2 as canonical API operations documentation.	Documentation/operations/operation-registry.md		no	Required by frozen DOCS.2 target tree or reset evidence output.	Generated after audited absorption; no deletion involved.
api	NEW:DOCS.2	md	canonical API operations documentation	canonical_operations_doc	create_canonical_target	Documentation/operations/operation-to-transport-mapping.md	Created during DOCS.2 as canonical API operations documentation.	Documentation/operations/operation-to-transport-mapping.md		no	Required by frozen DOCS.2 target tree or reset evidence output.	Generated after audited absorption; no deletion involved.
api	NEW:DOCS.2	md	canonical API artifact reference index	canonical_reference_index	create_canonical_target	Documentation/reference/README.md	Created during DOCS.2 as canonical API artifact reference index.	Documentation/reference/README.md		no	Required by frozen DOCS.2 target tree or reset evidence output.	Generated after audited absorption; no deletion involved.
api	NEW:DOCS.2	md	canonical API artifact reference index	canonical_reference_index	create_canonical_target	Documentation/reference/contract-index.md	Created during DOCS.2 as canonical API artifact reference index.	Documentation/reference/contract-index.md		no	Required by frozen DOCS.2 target tree or reset evidence output.	Generated after audited absorption; no deletion involved.
api	Documentation/reference/figures/yai-transp.png	png	API reference figure asset	reference_figure_asset	retain_reference_asset	Documentation/reference/figures/yai-transp.png	Raster figure asset retained for API reference figures.	Documentation/reference/figures/yai-transp.png		no	Figure belongs under reference/figures in the target tree.	Content inspected by title, headings, and body read before classification; no deletion selected.
api	Documentation/reference/figures/yai.svg	svg	API reference figure asset	reference_figure_asset	retain_reference_asset	Documentation/reference/figures/yai.svg	Vector figure asset retained for API reference figures.	Documentation/reference/figures/yai.svg		no	Figure belongs under reference/figures in the target tree.	Content inspected by title, headings, and body read before classification; no deletion selected.
api	NEW:DOCS.2	md	canonical API artifact reference index	canonical_reference_index	create_canonical_target	Documentation/reference/fixture-index.md	Created during DOCS.2 as canonical API artifact reference index.	Documentation/reference/fixture-index.md		no	Required by frozen DOCS.2 target tree or reset evidence output.	Generated after audited absorption; no deletion involved.
api	NEW:DOCS.2	md	canonical API artifact reference index	canonical_reference_index	create_canonical_target	Documentation/reference/openapi-index.md	Created during DOCS.2 as canonical API artifact reference index.	Documentation/reference/openapi-index.md		no	Required by frozen DOCS.2 target tree or reset evidence output.	Generated after audited absorption; no deletion involved.
api	NEW:DOCS.2	md	canonical API artifact reference index	canonical_reference_index	create_canonical_target	Documentation/reference/registry-index.md	Created during DOCS.2 as canonical API artifact reference index.	Documentation/reference/registry-index.md		no	Required by frozen DOCS.2 target tree or reset evidence output.	Generated after audited absorption; no deletion involved.
api	NEW:DOCS.2	md	canonical API artifact reference index	canonical_reference_index	create_canonical_target	Documentation/reference/schema-index.md	Created during DOCS.2 as canonical API artifact reference index.	Documentation/reference/schema-index.md		no	Required by frozen DOCS.2 target tree or reset evidence output.	Generated after audited absorption; no deletion involved.
api	NEW:DOCS.2	md	canonical API artifact reference index	canonical_reference_index	create_canonical_target	Documentation/reference/transport-artifact-index.md	Created during DOCS.2 as canonical API artifact reference index.	Documentation/reference/transport-artifact-index.md		no	Required by frozen DOCS.2 target tree or reset evidence output.	Generated after audited absorption; no deletion involved.
api	NEW:DOCS.2	md	canonical API transport documentation	canonical_transport_doc	create_canonical_target	Documentation/transports/README.md	Created during DOCS.2 as canonical API transport documentation.	Documentation/transports/README.md		no	Required by frozen DOCS.2 target tree or reset evidence output.	Generated after audited absorption; no deletion involved.
api	NEW:DOCS.2	md	canonical API transport documentation	canonical_transport_doc	create_canonical_target	Documentation/transports/in-process-test.md	Created during DOCS.2 as canonical API transport documentation.	Documentation/transports/in-process-test.md		no	Required by frozen DOCS.2 target tree or reset evidence output.	Generated after audited absorption; no deletion involved.
api	NEW:DOCS.2	md	canonical API transport documentation	canonical_transport_doc	create_canonical_target	Documentation/transports/lan-secure-remote.md	Created during DOCS.2 as canonical API transport documentation.	Documentation/transports/lan-secure-remote.md		no	Required by frozen DOCS.2 target tree or reset evidence output.	Generated after audited absorption; no deletion involved.
api	NEW:DOCS.2	md	canonical API transport documentation	canonical_transport_doc	create_canonical_target	Documentation/transports/local-event-stream.md	Created during DOCS.2 as canonical API transport documentation.	Documentation/transports/local-event-stream.md		no	Required by frozen DOCS.2 target tree or reset evidence output.	Generated after audited absorption; no deletion involved.
api	NEW:DOCS.2	md	canonical API transport documentation	canonical_transport_doc	create_canonical_target	Documentation/transports/local-http-loopback.md	Created during DOCS.2 as canonical API transport documentation.	Documentation/transports/local-http-loopback.md		no	Required by frozen DOCS.2 target tree or reset evidence output.	Generated after audited absorption; no deletion involved.
api	NEW:DOCS.2	md	canonical API transport documentation	canonical_transport_doc	create_canonical_target	Documentation/transports/local-ipc-rpc.md	Created during DOCS.2 as canonical API transport documentation.	Documentation/transports/local-ipc-rpc.md		no	Required by frozen DOCS.2 target tree or reset evidence output.	Generated after audited absorption; no deletion involved.
api	NEW:DOCS.2	md	canonical API transport documentation	canonical_transport_doc	create_canonical_target	Documentation/transports/remote-https.md	Created during DOCS.2 as canonical API transport documentation.	Documentation/transports/remote-https.md		no	Required by frozen DOCS.2 target tree or reset evidence output.	Generated after audited absorption; no deletion involved.
api	NEW:DOCS.2	md	canonical API transport documentation	canonical_transport_doc	create_canonical_target	Documentation/transports/subprocess-stdio-compat.md	Created during DOCS.2 as canonical API transport documentation.	Documentation/transports/subprocess-stdio-compat.md		no	Required by frozen DOCS.2 target tree or reset evidence output.	Generated after audited absorption; no deletion involved.
api	NEW:DOCS.2	md	canonical API transport documentation	canonical_transport_doc	create_canonical_target	Documentation/transports/transport-contract-index.md	Created during DOCS.2 as canonical API transport documentation.	Documentation/transports/transport-contract-index.md		no	Required by frozen DOCS.2 target tree or reset evidence output.	Generated after audited absorption; no deletion involved.
api	NEW:DOCS.2	md	DOCS.2 reset report	internal_reset_artifact	create_reset_report	Documentation/internal/docs-reset-report.md	Created during DOCS.2 as the reset closure report with counts, manifests, validation notes, and guard summaries.	Documentation/internal/docs-reset-report.md		no	Required DOCS.2H output.	Generated after audited absorption; no deletion involved.
